{
    "data": [
        {
            "image_url": "datasets\\detection\\student-id\\10046.jpg",
            "annotation_url": "datasets\\detection\\student-id\\10046.json"
        },
        {
            "image_url": "datasets\\detection\\student-id\\10070.jpg",
            "annotation_url": "datasets\\detection\\student-id\\10070.json"
        },
        {
            "image_url": "datasets\\detection\\student-id\\10056.jpg",
            "annotation_url": "datasets\\detection\\student-id\\10056.json"
        },
        {
            "image_url": "datasets\\detection\\student-id\\10081.jpg",
            "annotation_url": "datasets\\detection\\student-id\\10081.json"
        },
        {
            "image_url": "datasets\\detection\\student-id\\10062.jpg",
            "annotation_url": "datasets\\detection\\student-id\\10062.json"
        },
        {
            "image_url": "datasets\\detection\\student-id\\10023.jpg",
            "annotation_url": "datasets\\detection\\student-id\\10023.json"
        },
        {
            "image_url": "datasets\\detection\\student-id\\10137.jpg",
            "annotation_url": "datasets\\detection\\student-id\\10137.json"
        },
        {
            "image_url": "datasets\\detection\\student-id\\10105.jpg",
            "annotation_url": "datasets\\detection\\student-id\\10105.json"
        },
        {
            "image_url": "datasets\\detection\\student-id\\10042.jpg",
            "annotation_url": "datasets\\detection\\student-id\\10042.json"
        },
        {
            "image_url": "datasets\\detection\\student-id\\10115.jpg",
            "annotation_url": "datasets\\detection\\student-id\\10115.json"
        },
        {
            "image_url": "datasets\\detection\\student-id\\10055.jpg",
            "annotation_url": "datasets\\detection\\student-id\\10055.json"
        },
        {
            "image_url": "datasets\\detection\\student-id\\10145.jpg",
            "annotation_url": "datasets\\detection\\student-id\\10145.json"
        },
        {
            "image_url": "datasets\\detection\\student-id\\10138.jpg",
            "annotation_url": "datasets\\detection\\student-id\\10138.json"
        },
        {
            "image_url": "datasets\\detection\\student-id\\10044.jpg",
            "annotation_url": "datasets\\detection\\student-id\\10044.json"
        },
        {
            "image_url": "datasets\\detection\\student-id\\10125.jpg",
            "annotation_url": "datasets\\detection\\student-id\\10125.json"
        },
        {
            "image_url": "datasets\\detection\\student-id\\10150.jpg",
            "annotation_url": "datasets\\detection\\student-id\\10150.json"
        },
        {
            "image_url": "datasets\\detection\\student-id\\10097.jpg",
            "annotation_url": "datasets\\detection\\student-id\\10097.json"
        },
        {
            "image_url": "datasets\\detection\\student-id\\10075.jpg",
            "annotation_url": "datasets\\detection\\student-id\\10075.json"
        },
        {
            "image_url": "datasets\\detection\\student-id\\10017.jpg",
            "annotation_url": "datasets\\detection\\student-id\\10017.json"
        },
        {
            "image_url": "datasets\\detection\\student-id\\10059.jpg",
            "annotation_url": "datasets\\detection\\student-id\\10059.json"
        },
        {
            "image_url": "datasets\\detection\\student-id\\10061.jpg",
            "annotation_url": "datasets\\detection\\student-id\\10061.json"
        },
        {
            "image_url": "datasets\\detection\\student-id\\10142.jpg",
            "annotation_url": "datasets\\detection\\student-id\\10142.json"
        },
        {
            "image_url": "datasets\\detection\\student-id\\10120.jpg",
            "annotation_url": "datasets\\detection\\student-id\\10120.json"
        },
        {
            "image_url": "datasets\\detection\\student-id\\10006.jpg",
            "annotation_url": "datasets\\detection\\student-id\\10006.json"
        },
        {
            "image_url": "datasets\\detection\\student-id\\10123.jpg",
            "annotation_url": "datasets\\detection\\student-id\\10123.json"
        },
        {
            "image_url": "datasets\\detection\\student-id\\10001.jpg",
            "annotation_url": "datasets\\detection\\student-id\\10001.json"
        },
        {
            "image_url": "datasets\\detection\\student-id\\10034.jpg",
            "annotation_url": "datasets\\detection\\student-id\\10034.json"
        },
        {
            "image_url": "datasets\\detection\\student-id\\10028.jpg",
            "annotation_url": "datasets\\detection\\student-id\\10028.json"
        },
        {
            "image_url": "datasets\\detection\\student-id\\10036.jpg",
            "annotation_url": "datasets\\detection\\student-id\\10036.json"
        },
        {
            "image_url": "datasets\\detection\\student-id\\10096.jpg",
            "annotation_url": "datasets\\detection\\student-id\\10096.json"
        },
        {
            "image_url": "datasets\\detection\\student-id\\10113.jpg",
            "annotation_url": "datasets\\detection\\student-id\\10113.json"
        },
        {
            "image_url": "datasets\\detection\\student-id\\10107.jpg",
            "annotation_url": "datasets\\detection\\student-id\\10107.json"
        },
        {
            "image_url": "datasets\\detection\\student-id\\10140.jpg",
            "annotation_url": "datasets\\detection\\student-id\\10140.json"
        },
        {
            "image_url": "datasets\\detection\\student-id\\10112.jpg",
            "annotation_url": "datasets\\detection\\student-id\\10112.json"
        },
        {
            "image_url": "datasets\\detection\\student-id\\10047.jpg",
            "annotation_url": "datasets\\detection\\student-id\\10047.json"
        },
        {
            "image_url": "datasets\\detection\\student-id\\10065.jpg",
            "annotation_url": "datasets\\detection\\student-id\\10065.json"
        },
        {
            "image_url": "datasets\\detection\\student-id\\10132.jpg",
            "annotation_url": "datasets\\detection\\student-id\\10132.json"
        },
        {
            "image_url": "datasets\\detection\\student-id\\10007.jpg",
            "annotation_url": "datasets\\detection\\student-id\\10007.json"
        },
        {
            "image_url": "datasets\\detection\\student-id\\10114.jpg",
            "annotation_url": "datasets\\detection\\student-id\\10114.json"
        },
        {
            "image_url": "datasets\\detection\\student-id\\10119.jpg",
            "annotation_url": "datasets\\detection\\student-id\\10119.json"
        },
        {
            "image_url": "datasets\\detection\\student-id\\10089.jpg",
            "annotation_url": "datasets\\detection\\student-id\\10089.json"
        },
        {
            "image_url": "datasets\\detection\\student-id\\10048.jpg",
            "annotation_url": "datasets\\detection\\student-id\\10048.json"
        },
        {
            "image_url": "datasets\\detection\\student-id\\10139.jpg",
            "annotation_url": "datasets\\detection\\student-id\\10139.json"
        },
        {
            "image_url": "datasets\\detection\\student-id\\10013.jpg",
            "annotation_url": "datasets\\detection\\student-id\\10013.json"
        },
        {
            "image_url": "datasets\\detection\\student-id\\10067.jpg",
            "annotation_url": "datasets\\detection\\student-id\\10067.json"
        },
        {
            "image_url": "datasets\\detection\\student-id\\10092.jpg",
            "annotation_url": "datasets\\detection\\student-id\\10092.json"
        },
        {
            "image_url": "datasets\\detection\\student-id\\10134.jpg",
            "annotation_url": "datasets\\detection\\student-id\\10134.json"
        },
        {
            "image_url": "datasets\\detection\\student-id\\10008.jpg",
            "annotation_url": "datasets\\detection\\student-id\\10008.json"
        },
        {
            "image_url": "datasets\\detection\\student-id\\10121.jpg",
            "annotation_url": "datasets\\detection\\student-id\\10121.json"
        },
        {
            "image_url": "datasets\\detection\\student-id\\10074.jpg",
            "annotation_url": "datasets\\detection\\student-id\\10074.json"
        },
        {
            "image_url": "datasets\\detection\\student-id\\10098.jpg",
            "annotation_url": "datasets\\detection\\student-id\\10098.json"
        },
        {
            "image_url": "datasets\\detection\\student-id\\10043.jpg",
            "annotation_url": "datasets\\detection\\student-id\\10043.json"
        },
        {
            "image_url": "datasets\\detection\\student-id\\10004.jpg",
            "annotation_url": "datasets\\detection\\student-id\\10004.json"
        },
        {
            "image_url": "datasets\\detection\\student-id\\10021.jpg",
            "annotation_url": "datasets\\detection\\student-id\\10021.json"
        },
        {
            "image_url": "datasets\\detection\\student-id\\10058.jpg",
            "annotation_url": "datasets\\detection\\student-id\\10058.json"
        },
        {
            "image_url": "datasets\\detection\\student-id\\10109.jpg",
            "annotation_url": "datasets\\detection\\student-id\\10109.json"
        },
        {
            "image_url": "datasets\\detection\\student-id\\10016.jpg",
            "annotation_url": "datasets\\detection\\student-id\\10016.json"
        },
        {
            "image_url": "datasets\\detection\\student-id\\10133.jpg",
            "annotation_url": "datasets\\detection\\student-id\\10133.json"
        },
        {
            "image_url": "datasets\\detection\\student-id\\10040.jpg",
            "annotation_url": "datasets\\detection\\student-id\\10040.json"
        },
        {
            "image_url": "datasets\\detection\\student-id\\10101.jpg",
            "annotation_url": "datasets\\detection\\student-id\\10101.json"
        },
        {
            "image_url": "datasets\\detection\\student-id\\10149.jpg",
            "annotation_url": "datasets\\detection\\student-id\\10149.json"
        },
        {
            "image_url": "datasets\\detection\\student-id\\10080.jpg",
            "annotation_url": "datasets\\detection\\student-id\\10080.json"
        },
        {
            "image_url": "datasets\\detection\\student-id\\10029.jpg",
            "annotation_url": "datasets\\detection\\student-id\\10029.json"
        },
        {
            "image_url": "datasets\\detection\\student-id\\10102.jpg",
            "annotation_url": "datasets\\detection\\student-id\\10102.json"
        },
        {
            "image_url": "datasets\\detection\\student-id\\10141.jpg",
            "annotation_url": "datasets\\detection\\student-id\\10141.json"
        },
        {
            "image_url": "datasets\\detection\\student-id\\10037.jpg",
            "annotation_url": "datasets\\detection\\student-id\\10037.json"
        },
        {
            "image_url": "datasets\\detection\\student-id\\10018.jpg",
            "annotation_url": "datasets\\detection\\student-id\\10018.json"
        },
        {
            "image_url": "datasets\\detection\\student-id\\10118.jpg",
            "annotation_url": "datasets\\detection\\student-id\\10118.json"
        },
        {
            "image_url": "datasets\\detection\\student-id\\10086.jpg",
            "annotation_url": "datasets\\detection\\student-id\\10086.json"
        },
        {
            "image_url": "datasets\\detection\\student-id\\10108.jpg",
            "annotation_url": "datasets\\detection\\student-id\\10108.json"
        },
        {
            "image_url": "datasets\\detection\\student-id\\10128.jpg",
            "annotation_url": "datasets\\detection\\student-id\\10128.json"
        },
        {
            "image_url": "datasets\\detection\\student-id\\10071.jpg",
            "annotation_url": "datasets\\detection\\student-id\\10071.json"
        },
        {
            "image_url": "datasets\\detection\\student-id\\10076.jpg",
            "annotation_url": "datasets\\detection\\student-id\\10076.json"
        },
        {
            "image_url": "datasets\\detection\\student-id\\10014.jpg",
            "annotation_url": "datasets\\detection\\student-id\\10014.json"
        },
        {
            "image_url": "datasets\\detection\\student-id\\10077.jpg",
            "annotation_url": "datasets\\detection\\student-id\\10077.json"
        },
        {
            "image_url": "datasets\\detection\\student-id\\10022.jpg",
            "annotation_url": "datasets\\detection\\student-id\\10022.json"
        },
        {
            "image_url": "datasets\\detection\\student-id\\10085.jpg",
            "annotation_url": "datasets\\detection\\student-id\\10085.json"
        },
        {
            "image_url": "datasets\\detection\\student-id\\10100.jpg",
            "annotation_url": "datasets\\detection\\student-id\\10100.json"
        },
        {
            "image_url": "datasets\\detection\\student-id\\10033.jpg",
            "annotation_url": "datasets\\detection\\student-id\\10033.json"
        },
        {
            "image_url": "datasets\\detection\\student-id\\10053.jpg",
            "annotation_url": "datasets\\detection\\student-id\\10053.json"
        },
        {
            "image_url": "datasets\\detection\\student-id\\10003.jpg",
            "annotation_url": "datasets\\detection\\student-id\\10003.json"
        },
        {
            "image_url": "datasets\\detection\\student-id\\10143.jpg",
            "annotation_url": "datasets\\detection\\student-id\\10143.json"
        },
        {
            "image_url": "datasets\\detection\\student-id\\10025.jpg",
            "annotation_url": "datasets\\detection\\student-id\\10025.json"
        },
        {
            "image_url": "datasets\\detection\\student-id\\10009.jpg",
            "annotation_url": "datasets\\detection\\student-id\\10009.json"
        },
        {
            "image_url": "datasets\\detection\\student-id\\10083.jpg",
            "annotation_url": "datasets\\detection\\student-id\\10083.json"
        },
        {
            "image_url": "datasets\\detection\\student-id\\10088.jpg",
            "annotation_url": "datasets\\detection\\student-id\\10088.json"
        },
        {
            "image_url": "datasets\\detection\\student-id\\10030.jpg",
            "annotation_url": "datasets\\detection\\student-id\\10030.json"
        },
        {
            "image_url": "datasets\\detection\\student-id\\10027.jpg",
            "annotation_url": "datasets\\detection\\student-id\\10027.json"
        },
        {
            "image_url": "datasets\\detection\\student-id\\10052.jpg",
            "annotation_url": "datasets\\detection\\student-id\\10052.json"
        },
        {
            "image_url": "datasets\\detection\\student-id\\10051.jpg",
            "annotation_url": "datasets\\detection\\student-id\\10051.json"
        },
        {
            "image_url": "datasets\\detection\\student-id\\10063.jpg",
            "annotation_url": "datasets\\detection\\student-id\\10063.json"
        },
        {
            "image_url": "datasets\\detection\\student-id\\10124.jpg",
            "annotation_url": "datasets\\detection\\student-id\\10124.json"
        },
        {
            "image_url": "datasets\\detection\\student-id\\10024.jpg",
            "annotation_url": "datasets\\detection\\student-id\\10024.json"
        },
        {
            "image_url": "datasets\\detection\\student-id\\10072.jpg",
            "annotation_url": "datasets\\detection\\student-id\\10072.json"
        },
        {
            "image_url": "datasets\\detection\\student-id\\10066.jpg",
            "annotation_url": "datasets\\detection\\student-id\\10066.json"
        },
        {
            "image_url": "datasets\\detection\\student-id\\10038.jpg",
            "annotation_url": "datasets\\detection\\student-id\\10038.json"
        },
        {
            "image_url": "datasets\\detection\\student-id\\10064.jpg",
            "annotation_url": "datasets\\detection\\student-id\\10064.json"
        },
        {
            "image_url": "datasets\\detection\\student-id\\10087.jpg",
            "annotation_url": "datasets\\detection\\student-id\\10087.json"
        },
        {
            "image_url": "datasets\\detection\\student-id\\10090.jpg",
            "annotation_url": "datasets\\detection\\student-id\\10090.json"
        },
        {
            "image_url": "datasets\\detection\\student-id\\10095.jpg",
            "annotation_url": "datasets\\detection\\student-id\\10095.json"
        },
        {
            "image_url": "datasets\\detection\\student-id\\10069.jpg",
            "annotation_url": "datasets\\detection\\student-id\\10069.json"
        },
        {
            "image_url": "datasets\\detection\\student-id\\10060.jpg",
            "annotation_url": "datasets\\detection\\student-id\\10060.json"
        },
        {
            "image_url": "datasets\\detection\\student-id\\10015.jpg",
            "annotation_url": "datasets\\detection\\student-id\\10015.json"
        },
        {
            "image_url": "datasets\\detection\\student-id\\10073.jpg",
            "annotation_url": "datasets\\detection\\student-id\\10073.json"
        },
        {
            "image_url": "datasets\\detection\\student-id\\10104.jpg",
            "annotation_url": "datasets\\detection\\student-id\\10104.json"
        },
        {
            "image_url": "datasets\\detection\\student-id\\10148.jpg",
            "annotation_url": "datasets\\detection\\student-id\\10148.json"
        },
        {
            "image_url": "datasets\\detection\\student-id\\10079.jpg",
            "annotation_url": "datasets\\detection\\student-id\\10079.json"
        },
        {
            "image_url": "datasets\\detection\\student-id\\10103.jpg",
            "annotation_url": "datasets\\detection\\student-id\\10103.json"
        },
        {
            "image_url": "datasets\\detection\\student-id\\10144.jpg",
            "annotation_url": "datasets\\detection\\student-id\\10144.json"
        },
        {
            "image_url": "datasets\\detection\\student-id\\10093.jpg",
            "annotation_url": "datasets\\detection\\student-id\\10093.json"
        },
        {
            "image_url": "datasets\\detection\\student-id\\10129.jpg",
            "annotation_url": "datasets\\detection\\student-id\\10129.json"
        },
        {
            "image_url": "datasets\\detection\\student-id\\10032.jpg",
            "annotation_url": "datasets\\detection\\student-id\\10032.json"
        },
        {
            "image_url": "datasets\\detection\\student-id\\10068.jpg",
            "annotation_url": "datasets\\detection\\student-id\\10068.json"
        },
        {
            "image_url": "datasets\\detection\\student-id\\10110.jpg",
            "annotation_url": "datasets\\detection\\student-id\\10110.json"
        },
        {
            "image_url": "datasets\\detection\\student-id\\10002.jpg",
            "annotation_url": "datasets\\detection\\student-id\\10002.json"
        },
        {
            "image_url": "datasets\\detection\\student-id\\10106.jpg",
            "annotation_url": "datasets\\detection\\student-id\\10106.json"
        },
        {
            "image_url": "datasets\\detection\\student-id\\10136.jpg",
            "annotation_url": "datasets\\detection\\student-id\\10136.json"
        },
        {
            "image_url": "datasets\\detection\\student-id\\10099.jpg",
            "annotation_url": "datasets\\detection\\student-id\\10099.json"
        },
        {
            "image_url": "datasets\\detection\\student-id\\10010.jpg",
            "annotation_url": "datasets\\detection\\student-id\\10010.json"
        },
        {
            "image_url": "datasets\\detection\\student-id\\10127.jpg",
            "annotation_url": "datasets\\detection\\student-id\\10127.json"
        }
    ]
}