{
    "version": "3.21.1",
    "flags": {},
    "shapes": [
        {
            "label": "student_id",
            "line_color": null,
            "fill_color": null,
            "points": [
                [
                    92.28571428571428,
                    103.57142857142856
                ],
                [
                    96.57142857142856,
                    99.28571428571428
                ],
                [
                    485.1428571428571,
                    129.28571428571428
                ],
                [
                    495.8571428571428,
                    133.57142857142856
                ],
                [
                    508.0,
                    155.7142857142857
                ],
                [
                    605.1428571428571,
                    337.1428571428571
                ],
                [
                    605.8571428571428,
                    346.4285714285714
                ],
                [
                    602.9999999999999,
                    352.85714285714283
                ],
                [
                    140.85714285714283,
                    442.85714285714283
                ],
                [
                    125.14285714285714,
                    440.71428571428567
                ],
                [
                    117.28571428571428,
                    426.4285714285714
                ],
                [
                    87.28571428571428,
                    114.99999999999999
                ]
            ],
            "shape_type": "polygon",
            "flags": {}
        }
    ],
    "lineColor": [
        0,
        255,
        0,
        128
    ],
    "fillColor": [
        255,
        0,
        0,
        128
    ],
    "imagePath": "10006.jpg",
    "imageData": "",
    "imageHeight": 480,
    "imageWidth": 640
}