{
    "version": "3.21.1",
    "flags": {},
    "shapes": [
        {
            "label": "student_id",
            "line_color": null,
            "fill_color": null,
            "points": [
                [
                    19.190476190476204,
                    244.76190476190476
                ],
                [
                    23.0,
                    233.33333333333331
                ],
                [
                    385.8571428571428,
                    132.38095238095238
                ],
                [
                    400.1428571428571,
                    135.23809523809524
                ],
                [
                    468.71428571428567,
                    353.3333333333333
                ],
                [
                    466.80952380952374,
                    362.85714285714283
                ],
                [
                    97.28571428571428,
                    478.0952380952381
                ],
                [
                    81.09523809523807,
                    474.2857142857143
                ]
            ],
            "shape_type": "polygon",
            "flags": {}
        }
    ],
    "lineColor": [
        0,
        255,
        0,
        128
    ],
    "fillColor": [
        255,
        0,
        0,
        128
    ],
    "imagePath": "10001.jpg",
    "imageData": "",
    "imageHeight": 640,
    "imageWidth": 480
}