{
    "version": "3.21.1",
    "flags": {},
    "shapes": [
        {
            "label": "student_id",
            "line_color": null,
            "fill_color": null,
            "points": [
                [
                    72.56626506024097,
                    218.67469879518072
                ],
                [
                    225.57831325301203,
                    222.289156626506
                ],
                [
                    411.722891566265,
                    227.10843373493975
                ],
                [
                    421.36144578313247,
                    229.5180722891566
                ],
                [
                    423.16867469879514,
                    231.92771084337346
                ],
                [
                    426.18072289156623,
                    441.56626506024094
                ],
                [
                    424.97590361445776,
                    449.39759036144574
                ],
                [
                    415.33734939759034,
                    453.61445783132524
                ],
                [
                    391.2409638554216,
                    453.61445783132524
                ],
                [
                    64.1325301204819,
                    449.99999999999994
                ],
                [
                    56.90361445783131,
                    441.56626506024094
                ],
                [
                    61.12048192771084,
                    386.14457831325296
                ]
            ],
            "shape_type": "polygon",
            "flags": {}
        }
    ],
    "lineColor": [
        0,
        255,
        0,
        128
    ],
    "fillColor": [
        255,
        0,
        0,
        128
    ],
    "imagePath": "10008.jpg",
    "imageData": "",
    "imageHeight": 640,
    "imageWidth": 480
}