{
    "version": "3.21.1",
    "flags": {},
    "shapes": [
        {
            "label": "student_id",
            "line_color": null,
            "fill_color": null,
            "points": [
                [
                    41.18840579710144,
                    218.8405797101449
                ],
                [
                    41.18840579710144,
                    209.42028985507244
                ],
                [
                    52.78260869565216,
                    201.44927536231882
                ],
                [
                    224.52173913043475,
                    142.75362318840578
                ],
                [
                    359.30434782608694,
                    89.85507246376811
                ],
                [
                    367.99999999999994,
                    92.02898550724638
                ],
                [
                    462.2028985507246,
                    275.3623188405797
                ],
                [
                    369.4492753623188,
                    348.5507246376811
                ],
                [
                    199.88405797101444,
                    472.463768115942
                ],
                [
                    191.91304347826082,
                    471.01449275362313
                ]
            ],
            "shape_type": "polygon",
            "flags": {}
        }
    ],
    "lineColor": [
        0,
        255,
        0,
        128
    ],
    "fillColor": [
        255,
        0,
        0,
        128
    ],
    "imagePath": "10005.jpg",
    "imageData": "",
    "imageHeight": 640,
    "imageWidth": 480
}