{
    "version": "3.21.1",
    "flags": {},
    "shapes": [
        {
            "label": "student_id",
            "line_color": null,
            "fill_color": null,
            "points": [
                [
                    119.20529801324503,
                    218.54304635761588
                ],
                [
                    440.3973509933775,
                    184.7682119205298
                ],
                [
                    445.0331125827814,
                    190.72847682119206
                ],
                [
                    391.3907284768212,
                    366.2251655629139
                ],
                [
                    384.7682119205298,
                    372.18543046357615
                ],
                [
                    250.33112582781456,
                    401.3245033112583
                ],
                [
                    82.11920529801324,
                    446.3576158940397
                ],
                [
                    76.82119205298014,
                    441.72185430463577
                ],
                [
                    49.66887417218544,
                    239.73509933774835
                ],
                [
                    107.28476821192052,
                    228.47682119205297
                ]
            ],
            "shape_type": "polygon",
            "flags": {}
        }
    ],
    "lineColor": [
        0,
        255,
        0,
        128
    ],
    "fillColor": [
        255,
        0,
        0,
        128
    ],
    "imagePath": "10004.jpg",
    "imageData": "",
    "imageHeight": 640,
    "imageWidth": 480
}