{
    "version": "3.21.1",
    "flags": {},
    "shapes": [
        {
            "label": "student_id",
            "line_color": null,
            "fill_color": null,
            "points": [
                [
                    138.23809523809524,
                    71.42857142857143
                ],
                [
                    407.7619047619047,
                    31.428571428571427
                ],
                [
                    418.2380952380952,
                    39.047619047619044
                ],
                [
                    422.04761904761904,
                    539.047619047619
                ],
                [
                    407.7619047619047,
                    552.3809523809524
                ],
                [
                    112.52380952380952,
                    519.047619047619
                ],
                [
                    98.23809523809524,
                    505.71428571428567
                ]
            ],
            "shape_type": "polygon",
            "flags": {}
        }
    ],
    "lineColor": [
        0,
        255,
        0,
        128
    ],
    "fillColor": [
        255,
        0,
        0,
        128
    ],
    "imagePath": "10003.jpg",
    "imageData": "",
    "imageHeight": 640,
    "imageWidth": 480
}