{
    "version": "3.21.1",
    "flags": {},
    "shapes": [
        {
            "label": "student_id",
            "line_color": null,
            "fill_color": null,
            "points": [
                [
                    59.31325301204819,
                    218.07228915662648
                ],
                [
                    379.79518072289153,
                    105.42168674698794
                ],
                [
                    385.2168674698795,
                    105.42168674698794
                ],
                [
                    461.72289156626505,
                    296.9879518072289
                ],
                [
                    461.1204819277108,
                    306.0240963855421
                ],
                [
                    253.28915662650599,
                    386.14457831325296
                ],
                [
                    137.62650602409636,
                    427.1084337349397
                ],
                [
                    129.79518072289156,
                    427.1084337349397
                ],
                [
                    58.71084337349396,
                    231.32530120481925
                ]
            ],
            "shape_type": "polygon",
            "flags": {}
        }
    ],
    "lineColor": [
        0,
        255,
        0,
        128
    ],
    "fillColor": [
        255,
        0,
        0,
        128
    ],
    "imagePath": "10009.jpg",
    "imageData": "",
    "imageHeight": 640,
    "imageWidth": 480
}