{
    "version": "3.21.1",
    "flags": {},
    "shapes": [
        {
            "label": "student_id",
            "line_color": null,
            "fill_color": null,
            "points": [
                [
                    21.095238095238102,
                    183.33333333333334
                ],
                [
                    231.41269841269843,
                    88.09523809523809
                ],
                [
                    450.46031746031747,
                    347.6190476190476
                ],
                [
                    475.06349206349205,
                    376.1904761904762
                ],
                [
                    478.2380952380952,
                    388.8888888888889
                ],
                [
                    301.25396825396825,
                    532.5396825396825
                ],
                [
                    271.0952380952381,
                    556.3492063492064
                ],
                [
                    255.22222222222223,
                    541.2698412698413
                ],
                [
                    242.52380952380952,
                    534.9206349206349
                ],
                [
                    25.85714285714286,
                    199.20634920634922
                ]
            ],
            "shape_type": "polygon",
            "flags": {}
        }
    ],
    "lineColor": [
        0,
        255,
        0,
        128
    ],
    "fillColor": [
        255,
        0,
        0,
        128
    ],
    "imagePath": "10002.jpg",
    "imageData": "",
    "imageHeight": 640,
    "imageWidth": 480
}