{
    "version": "3.21.1",
    "flags": {},
    "shapes": [
        {
            "label": "student_id",
            "line_color": null,
            "fill_color": null,
            "points": [
                [
                    18.0,
                    200.7246376811594
                ],
                [
                    20.17391304347825,
                    189.1304347826087
                ],
                [
                    194.8115942028985,
                    17.391304347826086
                ],
                [
                    205.68115942028982,
                    14.492753623188404
                ],
                [
                    211.4782608695652,
                    18.115942028985504
                ],
                [
                    473.0724637681159,
                    418.8405797101449
                ],
                [
                    475.9710144927536,
                    426.08695652173907
                ],
                [
                    474.52173913043475,
                    433.3333333333333
                ],
                [
                    468.0,
                    439.13043478260863
                ],
                [
                    246.26086956521738,
                    540.5797101449275
                ],
                [
                    232.49275362318838,
                    540.5797101449275
                ],
                [
                    223.79710144927532,
                    532.6086956521739
                ],
                [
                    122.3478260869565,
                    359.42028985507244
                ]
            ],
            "shape_type": "polygon",
            "flags": {}
        }
    ],
    "lineColor": [
        0,
        255,
        0,
        128
    ],
    "fillColor": [
        255,
        0,
        0,
        128
    ],
    "imagePath": "10007.jpg",
    "imageData": "",
    "imageHeight": 640,
    "imageWidth": 480
}