{
    "version": "3.21.1",
    "flags": {},
    "shapes": [
        {
            "label": "student_id",
            "line_color": null,
            "fill_color": null,
            "points": [
                [
                    78.7142857142857,
                    118.57142857142856
                ],
                [
                    83.0,
                    108.57142857142856
                ],
                [
                    92.28571428571428,
                    104.28571428571428
                ],
                [
                    557.9999999999999,
                    99.28571428571428
                ],
                [
                    567.2857142857142,
                    102.14285714285714
                ],
                [
                    572.2857142857142,
                    111.42857142857142
                ],
                [
                    591.5714285714286,
                    392.85714285714283
                ],
                [
                    589.4285714285713,
                    405.71428571428567
                ],
                [
                    585.1428571428571,
                    410.71428571428567
                ],
                [
                    300.85714285714283,
                    419.2857142857142
                ],
                [
                    92.28571428571428,
                    421.4285714285714
                ],
                [
                    82.28571428571428,
                    420.71428571428567
                ],
                [
                    75.85714285714285,
                    412.1428571428571
                ],
                [
                    73.71428571428571,
                    242.85714285714283
                ]
            ],
            "shape_type": "polygon",
            "flags": {}
        }
    ],
    "lineColor": [
        0,
        255,
        0,
        128
    ],
    "fillColor": [
        255,
        0,
        0,
        128
    ],
    "imagePath": "10013.jpg",
    "imageData": "",
    "imageHeight": 480,
    "imageWidth": 640
}