{
    "version": "3.21.1",
    "flags": {},
    "shapes": [
        {
            "label": "student_id",
            "line_color": null,
            "fill_color": null,
            "points": [
                [
                    407.3891625615763,
                    15.763546798029555
                ],
                [
                    411.3300492610837,
                    6.896551724137931
                ],
                [
                    418.22660098522164,
                    4.926108374384236
                ],
                [
                    616.7487684729064,
                    52.2167487684729
                ],
                [
                    620.6896551724137,
                    56.65024630541871
                ],
                [
                    622.1674876847289,
                    63.05418719211822
                ],
                [
                    615.270935960591,
                    102.95566502463053
                ],
                [
                    555.6650246305418,
                    405.41871921182263
                ],
                [
                    548.2758620689655,
                    411.82266009852214
                ],
                [
                    355.17241379310343,
                    415.2709359605911
                ],
                [
                    355.17241379310343,
                    412.80788177339895
                ],
                [
                    370.935960591133,
                    260.09852216748766
                ]
            ],
            "shape_type": "polygon",
            "flags": {}
        },
        {
            "label": "student_id",
            "line_color": null,
            "fill_color": null,
            "points": [
                [
                    363.5467980295566,
                    157.1428571428571
                ],
                [
                    269.9507389162561,
                    454.67980295566497
                ],
                [
                    263.0541871921182,
                    458.6206896551724
                ],
                [
                    251.23152709359601,
                    455.66502463054184
                ],
                [
                    14.285714285714285,
                    380.29556650246303
                ],
                [
                    10.837438423645319,
                    376.847290640394
                ],
                [
                    12.315270935960589,
                    372.41379310344826
                ],
                [
                    137.9310344827586,
                    113.79310344827584
                ]
            ],
            "shape_type": "polygon",
            "flags": {}
        }
    ],
    "lineColor": [
        0,
        255,
        0,
        128
    ],
    "fillColor": [
        255,
        0,
        0,
        128
    ],
    "imagePath": "10012.jpg",
    "imageData": "",
    "imageHeight": 480,
    "imageWidth": 640
}