{
    "version": "3.21.1",
    "flags": {},
    "shapes": [
        {
            "label": "student_id",
            "line_color": null,
            "fill_color": null,
            "points": [
                [
                    137.99999999999997,
                    98.57142857142856
                ],
                [
                    143.7142857142857,
                    91.42857142857142
                ],
                [
                    349.4285714285714,
                    11.428571428571427
                ],
                [
                    356.57142857142856,
                    11.428571428571427
                ],
                [
                    364.4285714285714,
                    21.428571428571427
                ],
                [
                    518.7142857142857,
                    342.1428571428571
                ],
                [
                    521.5714285714286,
                    354.99999999999994
                ],
                [
                    518.7142857142857,
                    362.85714285714283
                ],
                [
                    353.71428571428567,
                    442.85714285714283
                ],
                [
                    299.4285714285714,
                    468.57142857142856
                ],
                [
                    292.2857142857143,
                    469.99999999999994
                ],
                [
                    140.1428571428571,
                    109.99999999999999
                ]
            ],
            "shape_type": "polygon",
            "flags": {}
        }
    ],
    "lineColor": [
        0,
        255,
        0,
        128
    ],
    "fillColor": [
        255,
        0,
        0,
        128
    ],
    "imagePath": "10018.jpg",
    "imageData": "",
    "imageHeight": 480,
    "imageWidth": 640
}