{
    "version": "3.21.1",
    "flags": {},
    "shapes": [
        {
            "label": "student_id",
            "line_color": null,
            "fill_color": null,
            "points": [
                [
                    24.97590361445782,
                    191.56626506024094
                ],
                [
                    221.96385542168673,
                    28.915662650602407
                ],
                [
                    231.6024096385542,
                    27.710843373493972
                ],
                [
                    247.2650602409638,
                    46.3855421686747
                ],
                [
                    473.7710843373494,
                    378.91566265060237
                ],
                [
                    476.18072289156623,
                    388.55421686746985
                ],
                [
                    473.7710843373494,
                    396.98795180722885
                ],
                [
                    313.53012048192767,
                    495.18072289156623
                ],
                [
                    268.95180722891564,
                    522.8915662650602
                ],
                [
                    258.10843373493975,
                    525.301204819277
                ],
                [
                    249.07228915662648,
                    520.4819277108434
                ],
                [
                    29.79518072289156,
                    206.02409638554215
                ],
                [
                    26.78313253012047,
                    199.99999999999997
                ]
            ],
            "shape_type": "polygon",
            "flags": {}
        }
    ],
    "lineColor": [
        0,
        255,
        0,
        128
    ],
    "fillColor": [
        255,
        0,
        0,
        128
    ],
    "imagePath": "10019.jpg",
    "imageData": "",
    "imageHeight": 640,
    "imageWidth": 480
}