{
    "version": "3.21.1",
    "flags": {},
    "shapes": [
        {
            "label": "student_id",
            "line_color": null,
            "fill_color": null,
            "points": [
                [
                    188.71428571428572,
                    76.19047619047619
                ],
                [
                    257.2857142857142,
                    40.0
                ],
                [
                    266.80952380952374,
                    42.857142857142854
                ],
                [
                    330.6190476190476,
                    205.7142857142857
                ],
                [
                    378.2380952380952,
                    299.04761904761904
                ],
                [
                    460.1428571428571,
                    429.5238095238095
                ],
                [
                    457.2857142857142,
                    436.19047619047615
                ],
                [
                    168.71428571428572,
                    551.4285714285714
                ],
                [
                    157.28571428571428,
                    547.6190476190476
                ],
                [
                    151.57142857142856,
                    526.6666666666666
                ],
                [
                    123.0,
                    394.2857142857143
                ],
                [
                    111.57142857142856,
                    351.4285714285714
                ],
                [
                    103.95238095238096,
                    326.66666666666663
                ],
                [
                    93.47619047619048,
                    303.8095238095238
                ],
                [
                    80.14285714285711,
                    280.0
                ],
                [
                    67.76190476190476,
                    260.0
                ],
                [
                    47.76190476190476,
                    232.38095238095238
                ],
                [
                    30.619047619047592,
                    207.61904761904762
                ],
                [
                    19.190476190476204,
                    193.33333333333331
                ],
                [
                    12.523809523809518,
                    187.61904761904762
                ],
                [
                    11.571428571428555,
                    179.04761904761904
                ],
                [
                    13.476190476190482,
                    170.47619047619048
                ],
                [
                    27.76190476190476,
                    162.85714285714286
                ],
                [
                    123.95238095238096,
                    111.42857142857143
                ]
            ],
            "shape_type": "polygon",
            "flags": {}
        }
    ],
    "lineColor": [
        0,
        255,
        0,
        128
    ],
    "fillColor": [
        255,
        0,
        0,
        128
    ],
    "imagePath": "10016.jpg",
    "imageData": "",
    "imageHeight": 640,
    "imageWidth": 480
}