{
    "version": "3.21.1",
    "flags": {},
    "shapes": [
        {
            "label": "student_id",
            "line_color": null,
            "fill_color": null,
            "points": [
                [
                    17.144578313253007,
                    106.62650602409637
                ],
                [
                    323.77108433734935,
                    18.67469879518072
                ],
                [
                    332.2048192771084,
                    18.072289156626503
                ],
                [
                    339.433734939759,
                    28.915662650602407
                ],
                [
                    403.289156626506,
                    186.144578313253
                ],
                [
                    83.40963855421685,
                    296.38554216867465
                ],
                [
                    74.37349397590361,
                    296.38554216867465
                ],
                [
                    68.95180722891564,
                    293.3734939759036
                ],
                [
                    20.156626506024082,
                    120.48192771084337
                ]
            ],
            "shape_type": "polygon",
            "flags": {}
        },
        {
            "label": "student_id",
            "line_color": null,
            "fill_color": null,
            "points": [
                [
                    85.2168674698795,
                    315.6626506024096
                ],
                [
                    88.8313253012048,
                    310.8433734939759
                ],
                [
                    96.66265060240963,
                    307.8313253012048
                ],
                [
                    452.6867469879518,
                    354.2168674698795
                ],
                [
                    458.71084337349396,
                    359.0361445783132
                ],
                [
                    458.1084337349397,
                    376.5060240963855
                ],
                [
                    440.6385542168674,
                    607.8313253012047
                ],
                [
                    435.2168674698795,
                    614.4578313253012
                ],
                [
                    423.16867469879514,
                    612.6506024096385
                ],
                [
                    207.50602409638554,
                    575.9036144578313
                ],
                [
                    54.49397590361444,
                    550.0
                ],
                [
                    45.4578313253012,
                    546.9879518072289
                ],
                [
                    42.44578313253011,
                    540.9638554216867
                ]
            ],
            "shape_type": "polygon",
            "flags": {}
        }
    ],
    "lineColor": [
        0,
        255,
        0,
        128
    ],
    "fillColor": [
        255,
        0,
        0,
        128
    ],
    "imagePath": "10010.jpg",
    "imageData": "",
    "imageHeight": 640,
    "imageWidth": 480
}