{
    "version": "3.21.1",
    "flags": {},
    "shapes": [
        {
            "label": "student_id",
            "line_color": null,
            "fill_color": null,
            "points": [
                [
                    64.73493975903614,
                    357.2289156626506
                ],
                [
                    240.0361445783132,
                    154.2168674698795
                ],
                [
                    248.46987951807228,
                    151.80722891566265
                ],
                [
                    444.8554216867469,
                    222.289156626506
                ],
                [
                    447.867469879518,
                    227.10843373493975
                ],
                [
                    445.4578313253012,
                    234.33734939759034
                ],
                [
                    360.5180722891566,
                    403.61445783132524
                ],
                [
                    261.12048192771084,
                    586.144578313253
                ],
                [
                    250.2771084337349,
                    588.5542168674698
                ],
                [
                    9.313253012048193,
                    428.91566265060237
                ],
                [
                    9.313253012048193,
                    422.289156626506
                ]
            ],
            "shape_type": "polygon",
            "flags": {}
        }
    ],
    "lineColor": [
        0,
        255,
        0,
        128
    ],
    "fillColor": [
        255,
        0,
        0,
        128
    ],
    "imagePath": "10011.jpg",
    "imageData": "",
    "imageHeight": 640,
    "imageWidth": 480
}