{
    "version": "3.21.1",
    "flags": {},
    "shapes": [
        {
            "label": "student_id",
            "line_color": null,
            "fill_color": null,
            "points": [
                [
                    24.90476190476187,
                    385.7142857142857
                ],
                [
                    110.61904761904759,
                    226.66666666666666
                ],
                [
                    211.57142857142856,
                    38.095238095238095
                ],
                [
                    222.04761904761904,
                    37.14285714285714
                ],
                [
                    447.7619047619047,
                    158.0952380952381
                ],
                [
                    454.42857142857144,
                    167.61904761904762
                ],
                [
                    371.57142857142856,
                    300.0
                ],
                [
                    232.52380952380952,
                    520.0
                ],
                [
                    223.9523809523809,
                    523.8095238095237
                ],
                [
                    208.71428571428572,
                    518.0952380952381
                ]
            ],
            "shape_type": "polygon",
            "flags": {}
        }
    ],
    "lineColor": [
        0,
        255,
        0,
        128
    ],
    "fillColor": [
        255,
        0,
        0,
        128
    ],
    "imagePath": "10017.jpg",
    "imageData": "",
    "imageHeight": 640,
    "imageWidth": 480
}