{
    "version": "3.21.1",
    "flags": {},
    "shapes": [
        {
            "label": "student_id",
            "line_color": null,
            "fill_color": null,
            "points": [
                [
                    17.746987951807228,
                    235.5421686746988
                ],
                [
                    133.40963855421685,
                    46.3855421686747
                ],
                [
                    138.8313253012048,
                    41.56626506024096
                ],
                [
                    146.0602409638554,
                    42.77108433734939
                ],
                [
                    475.57831325301197,
                    324.69879518072287
                ],
                [
                    476.7831325301204,
                    331.92771084337346
                ],
                [
                    476.18072289156623,
                    336.14457831325296
                ],
                [
                    276.78313253012044,
                    530.1204819277108
                ],
                [
                    272.56626506024094,
                    529.5180722891566
                ],
                [
                    135.8192771084337,
                    377.71084337349396
                ],
                [
                    18.951807228915655,
                    253.61445783132527
                ],
                [
                    15.337349397590359,
                    245.18072289156623
                ]
            ],
            "shape_type": "polygon",
            "flags": {}
        }
    ],
    "lineColor": [
        0,
        255,
        0,
        128
    ],
    "fillColor": [
        255,
        0,
        0,
        128
    ],
    "imagePath": "10014.jpg",
    "imageData": "",
    "imageHeight": 640,
    "imageWidth": 480
}