{
    "version": "3.21.1",
    "flags": {},
    "shapes": [
        {
            "label": "student_id",
            "line_color": null,
            "fill_color": null,
            "points": [
                [
                    73.47619047619048,
                    143.8095238095238
                ],
                [
                    337.2857142857142,
                    143.8095238095238
                ],
                [
                    348.71428571428567,
                    144.76190476190476
                ],
                [
                    351.57142857142856,
                    154.28571428571428
                ],
                [
                    346.80952380952374,
                    585.7142857142857
                ],
                [
                    346.80952380952374,
                    594.2857142857142
                ],
                [
                    343.95238095238096,
                    600.0
                ],
                [
                    332.5238095238095,
                    604.7619047619047
                ],
                [
                    72.52380952380952,
                    612.3809523809524
                ],
                [
                    60.14285714285711,
                    607.6190476190476
                ],
                [
                    58.23809523809524,
                    600.0
                ],
                [
                    58.57971014492753,
                    189.8550724637681
                ],
                [
                    58.57971014492753,
                    176.81159420289853
                ],
                [
                    60.02898550724635,
                    165.2173913043478
                ],
                [
                    66.55072463768116,
                    152.17391304347825
                ]
            ],
            "shape_type": "polygon",
            "flags": {}
        }
    ],
    "lineColor": [
        0,
        255,
        0,
        128
    ],
    "fillColor": [
        255,
        0,
        0,
        128
    ],
    "imagePath": "10015.jpg",
    "imageData": "",
    "imageHeight": 640,
    "imageWidth": 480
}