{
    "version": "3.21.1",
    "flags": {},
    "shapes": [
        {
            "label": "student_id",
            "line_color": null,
            "fill_color": null,
            "points": [
                [
                    204.4285714285714,
                    45.71428571428571
                ],
                [
                    207.28571428571428,
                    37.857142857142854
                ],
                [
                    214.4285714285714,
                    33.57142857142857
                ],
                [
                    457.2857142857142,
                    24.999999999999996
                ],
                [
                    464.42857142857133,
                    26.428571428571427
                ],
                [
                    468.71428571428567,
                    33.57142857142857
                ],
                [
                    473.71428571428567,
                    209.28571428571428
                ],
                [
                    447.2857142857142,
                    174.99999999999997
                ],
                [
                    410.85714285714283,
                    199.28571428571428
                ],
                [
                    475.1428571428571,
                    282.85714285714283
                ],
                [
                    479.42857142857133,
                    447.1428571428571
                ],
                [
                    476.57142857142856,
                    456.4285714285714
                ],
                [
                    470.8571428571428,
                    462.85714285714283
                ],
                [
                    208.71428571428567,
                    459.2857142857142
                ],
                [
                    198.7142857142857,
                    455.71428571428567
                ],
                [
                    197.99999999999997,
                    333.57142857142856
                ]
            ],
            "shape_type": "polygon",
            "flags": {}
        }
    ],
    "lineColor": [
        0,
        255,
        0,
        128
    ],
    "fillColor": [
        255,
        0,
        0,
        128
    ],
    "imagePath": "10021.jpg",
    "imageData": "",
    "imageHeight": 480,
    "imageWidth": 640
}