{
    "version": "3.21.1",
    "flags": {},
    "shapes": [
        {
            "label": "student_id",
            "line_color": null,
            "fill_color": null,
            "points": [
                [
                    177.99999999999997,
                    36.42857142857142
                ],
                [
                    179.42857142857142,
                    29.999999999999996
                ],
                [
                    187.28571428571425,
                    24.999999999999996
                ],
                [
                    432.2857142857142,
                    28.57142857142857
                ],
                [
                    440.1428571428571,
                    35.0
                ],
                [
                    449.4285714285714,
                    442.1428571428571
                ],
                [
                    441.5714285714285,
                    447.1428571428571
                ],
                [
                    422.2857142857142,
                    449.2857142857142
                ],
                [
                    185.85714285714283,
                    457.1428571428571
                ],
                [
                    179.42857142857142,
                    454.99999999999994
                ],
                [
                    175.1428571428571,
                    450.71428571428567
                ],
                [
                    177.99999999999997,
                    133.57142857142856
                ]
            ],
            "shape_type": "polygon",
            "flags": {}
        }
    ],
    "lineColor": [
        0,
        255,
        0,
        128
    ],
    "fillColor": [
        255,
        0,
        0,
        128
    ],
    "imagePath": "10024.jpg",
    "imageData": "",
    "imageHeight": 480,
    "imageWidth": 640
}