{
    "version": "3.21.1",
    "flags": {},
    "shapes": [
        {
            "label": "student_id",
            "line_color": null,
            "fill_color": null,
            "points": [
                [
                    13.476190476190482,
                    259.04761904761904
                ],
                [
                    331.57142857142856,
                    79.04761904761905
                ],
                [
                    342.04761904761904,
                    71.42857142857143
                ],
                [
                    352.5238095238095,
                    68.57142857142857
                ],
                [
                    360.1428571428571,
                    74.28571428571428
                ],
                [
                    466.80952380952374,
                    282.85714285714283
                ],
                [
                    469.66666666666663,
                    290.4761904761905
                ],
                [
                    466.80952380952374,
                    297.1428571428571
                ],
                [
                    351.57142857142856,
                    364.76190476190476
                ],
                [
                    343.0,
                    364.76190476190476
                ],
                [
                    326.80952380952374,
                    370.4761904761905
                ],
                [
                    309.66666666666663,
                    383.8095238095238
                ],
                [
                    281.0952380952381,
                    400.0
                ],
                [
                    253.47619047619048,
                    418.0952380952381
                ],
                [
                    223.0,
                    438.0952380952381
                ],
                [
                    184.90476190476187,
                    460.9523809523809
                ],
                [
                    142.04761904761904,
                    486.66666666666663
                ],
                [
                    125.85714285714283,
                    493.3333333333333
                ],
                [
                    120.14285714285711,
                    492.38095238095235
                ],
                [
                    0.14285714285711038,
                    293.3333333333333
                ],
                [
                    9.666666666666629,
                    278.0952380952381
                ]
            ],
            "shape_type": "polygon",
            "flags": {}
        }
    ],
    "lineColor": [
        0,
        255,
        0,
        128
    ],
    "fillColor": [
        255,
        0,
        0,
        128
    ],
    "imagePath": "10027.jpg",
    "imageData": "",
    "imageHeight": 640,
    "imageWidth": 480
}