{
    "version": "3.21.1",
    "flags": {},
    "shapes": [
        {
            "label": "student_id",
            "line_color": null,
            "fill_color": null,
            "points": [
                [
                    331.6263736263736,
                    126.37362637362637
                ],
                [
                    447.010989010989,
                    128.57142857142856
                ],
                [
                    455.2527472527472,
                    132.41758241758242
                ],
                [
                    466.79120879120876,
                    282.96703296703294
                ],
                [
                    465.1428571428571,
                    287.9120879120879
                ],
                [
                    320.08791208791206,
                    275.27472527472526
                ],
                [
                    316.24175824175825,
                    271.42857142857144
                ]
            ],
            "shape_type": "polygon",
            "flags": {}
        },
        {
            "label": "student_id",
            "line_color": null,
            "fill_color": null,
            "points": [
                [
                    16.79120879120879,
                    327.4725274725275
                ],
                [
                    271.1868131868132,
                    321.42857142857144
                ],
                [
                    278.3296703296703,
                    324.1758241758242
                ],
                [
                    279.97802197802196,
                    332.4175824175824
                ],
                [
                    291.5164835164835,
                    473.07692307692304
                ],
                [
                    284.37362637362634,
                    474.1758241758242
                ],
                [
                    268.4395604395604,
                    473.07692307692304
                ],
                [
                    254.15384615384613,
                    473.07692307692304
                ],
                [
                    237.12087912087912,
                    473.07692307692304
                ],
                [
                    211.2967032967033,
                    473.6263736263736
                ],
                [
                    193.16483516483515,
                    475.27472527472526
                ],
                [
                    181.6263736263736,
                    475.8241758241758
                ],
                [
                    170.0879120879121,
                    477.4725274725275
                ],
                [
                    151.95604395604394,
                    478.57142857142856
                ],
                [
                    134.9230769230769,
                    480.7692307692308
                ],
                [
                    117.34065934065933,
                    481.3186813186813
                ],
                [
                    101.4065934065934,
                    482.96703296703294
                ],
                [
                    89.31868131868131,
                    482.4175824175824
                ],
                [
                    78.87912087912088,
                    482.4175824175824
                ],
                [
                    66.24175824175823,
                    483.5164835164835
                ],
                [
                    56.35164835164835,
                    482.96703296703294
                ],
                [
                    46.46153846153845,
                    484.0659340659341
                ],
                [
                    36.021978021978015,
                    486.26373626373623
                ],
                [
                    25.582417582417577,
                    486.8131868131868
                ],
                [
                    12.395604395604394,
                    486.8131868131868
                ],
                [
                    1.0736196319018347,
                    486.50306748466255
                ],
                [
                    1.0736196319018347,
                    462.57668711656436
                ],
                [
                    11.503067484662566,
                    336.1963190184049
                ]
            ],
            "shape_type": "polygon",
            "flags": {}
        }
    ],
    "lineColor": [
        0,
        255,
        0,
        128
    ],
    "fillColor": [
        255,
        0,
        0,
        128
    ],
    "imagePath": "10022.jpg",
    "imageData": "",
    "imageHeight": 640,
    "imageWidth": 480
}