{
    "version": "3.21.1",
    "flags": {},
    "shapes": [
        {
            "label": "student_id",
            "line_color": null,
            "fill_color": null,
            "points": [
                [
                    96.57142857142856,
                    102.14285714285714
                ],
                [
                    101.57142857142856,
                    97.14285714285714
                ],
                [
                    110.14285714285714,
                    94.99999999999999
                ],
                [
                    505.8571428571428,
                    132.14285714285714
                ],
                [
                    520.8571428571428,
                    133.57142857142856
                ],
                [
                    528.0,
                    139.28571428571428
                ],
                [
                    529.4285714285713,
                    147.14285714285714
                ],
                [
                    525.1428571428571,
                    179.99999999999997
                ],
                [
                    502.2857142857142,
                    327.85714285714283
                ],
                [
                    497.2857142857142,
                    367.1428571428571
                ],
                [
                    491.57142857142856,
                    374.2857142857143
                ],
                [
                    478.71428571428567,
                    374.99999999999994
                ],
                [
                    242.28571428571428,
                    374.2857142857143
                ],
                [
                    105.14285714285714,
                    372.1428571428571
                ],
                [
                    99.42857142857142,
                    370.71428571428567
                ],
                [
                    96.57142857142856,
                    359.99999999999994
                ],
                [
                    94.42857142857142,
                    182.14285714285714
                ]
            ],
            "shape_type": "polygon",
            "flags": {}
        }
    ],
    "lineColor": [
        0,
        255,
        0,
        128
    ],
    "fillColor": [
        255,
        0,
        0,
        128
    ],
    "imagePath": "10026.jpg",
    "imageData": "",
    "imageHeight": 480,
    "imageWidth": 640
}