{
    "version": "3.21.1",
    "flags": {},
    "shapes": [
        {
            "label": "student_id",
            "line_color": null,
            "fill_color": null,
            "points": [
                [
                    172.28571428571428,
                    109.28571428571428
                ],
                [
                    181.57142857142856,
                    102.14285714285714
                ],
                [
                    357.2857142857142,
                    12.142857142857142
                ],
                [
                    366.57142857142856,
                    6.428571428571428
                ],
                [
                    375.1428571428571,
                    9.285714285714285
                ],
                [
                    531.5714285714286,
                    335.71428571428567
                ],
                [
                    538.0,
                    349.99999999999994
                ],
                [
                    538.7142857142857,
                    360.71428571428567
                ],
                [
                    530.8571428571428,
                    367.85714285714283
                ],
                [
                    480.8571428571428,
                    386.4285714285714
                ],
                [
                    278.71428571428567,
                    453.57142857142856
                ],
                [
                    237.28571428571428,
                    467.1428571428571
                ],
                [
                    227.28571428571428,
                    462.85714285714283
                ],
                [
                    176.57142857142856,
                    139.28571428571428
                ],
                [
                    174.42857142857142,
                    126.42857142857142
                ],
                [
                    172.28571428571428,
                    118.57142857142856
                ]
            ],
            "shape_type": "polygon",
            "flags": {}
        }
    ],
    "lineColor": [
        0,
        255,
        0,
        128
    ],
    "fillColor": [
        255,
        0,
        0,
        128
    ],
    "imagePath": "10029.jpg",
    "imageData": "",
    "imageHeight": 480,
    "imageWidth": 640
}