{
    "version": "3.21.1",
    "flags": {},
    "shapes": [
        {
            "label": "student_id",
            "line_color": null,
            "fill_color": null,
            "points": [
                [
                    21.854304635761594,
                    200.0
                ],
                [
                    184.76821192052978,
                    66.2251655629139
                ],
                [
                    190.72847682119203,
                    61.58940397350993
                ],
                [
                    198.01324503311258,
                    63.57615894039735
                ],
                [
                    452.9801324503311,
                    260.26490066225165
                ],
                [
                    461.5894039735099,
                    266.887417218543
                ],
                [
                    462.91390728476824,
                    274.8344370860927
                ],
                [
                    460.92715231788077,
                    283.44370860927154
                ],
                [
                    325.1655629139073,
                    403.3112582781457
                ],
                [
                    244.3708609271523,
                    474.8344370860927
                ],
                [
                    234.43708609271522,
                    474.8344370860927
                ],
                [
                    227.81456953642385,
                    469.5364238410596
                ],
                [
                    108.60927152317882,
                    313.9072847682119
                ],
                [
                    39.73509933774835,
                    223.841059602649
                ]
            ],
            "shape_type": "polygon",
            "flags": {}
        }
    ],
    "lineColor": [
        0,
        255,
        0,
        128
    ],
    "fillColor": [
        255,
        0,
        0,
        128
    ],
    "imagePath": "10023.jpg",
    "imageData": "",
    "imageHeight": 640,
    "imageWidth": 480
}