{
    "version": "3.21.1",
    "flags": {},
    "shapes": [
        {
            "label": "student_id",
            "line_color": null,
            "fill_color": null,
            "points": [
                [
                    7.761904761904759,
                    336.1904761904762
                ],
                [
                    262.04761904761904,
                    96.19047619047619
                ],
                [
                    270.6190476190476,
                    92.38095238095238
                ],
                [
                    455.3809523809523,
                    211.42857142857142
                ],
                [
                    452.5238095238095,
                    220.0
                ],
                [
                    212.52380952380952,
                    508.57142857142856
                ],
                [
                    204.90476190476187,
                    520.952380952381
                ],
                [
                    193.47619047619048,
                    523.8095238095237
                ],
                [
                    185.85714285714283,
                    521.9047619047619
                ],
                [
                    17.285714285714278,
                    359.04761904761904
                ],
                [
                    7.761904761904759,
                    350.4761904761905
                ]
            ],
            "shape_type": "polygon",
            "flags": {}
        }
    ],
    "lineColor": [
        0,
        255,
        0,
        128
    ],
    "fillColor": [
        255,
        0,
        0,
        128
    ],
    "imagePath": "10028.jpg",
    "imageData": "",
    "imageHeight": 640,
    "imageWidth": 480
}