{
    "version": "3.21.1",
    "flags": {},
    "shapes": [
        {
            "label": "student_id",
            "line_color": null,
            "fill_color": null,
            "points": [
                [
                    235.1428571428571,
                    53.57142857142857
                ],
                [
                    238.0,
                    45.71428571428571
                ],
                [
                    244.4285714285714,
                    44.285714285714285
                ],
                [
                    456.5714285714285,
                    84.99999999999999
                ],
                [
                    463.71428571428567,
                    89.28571428571428
                ],
                [
                    464.42857142857133,
                    97.85714285714285
                ],
                [
                    427.2857142857142,
                    229.99999999999997
                ],
                [
                    365.1428571428571,
                    447.85714285714283
                ],
                [
                    360.85714285714283,
                    456.4285714285714
                ],
                [
                    351.57142857142856,
                    455.71428571428567
                ],
                [
                    172.99999999999997,
                    386.4285714285714
                ],
                [
                    166.57142857142856,
                    381.4285714285714
                ],
                [
                    162.99999999999997,
                    376.4285714285714
                ],
                [
                    218.0,
                    135.7142857142857
                ]
            ],
            "shape_type": "polygon",
            "flags": {}
        }
    ],
    "lineColor": [
        0,
        255,
        0,
        128
    ],
    "fillColor": [
        255,
        0,
        0,
        128
    ],
    "imagePath": "10020.jpg",
    "imageData": "",
    "imageHeight": 480,
    "imageWidth": 640
}