{
    "version": "3.21.1",
    "flags": {},
    "shapes": [
        {
            "label": "student_id",
            "line_color": null,
            "fill_color": null,
            "points": [
                [
                    5.857142857142833,
                    103.80952380952381
                ],
                [
                    10.619047619047592,
                    98.09523809523809
                ],
                [
                    22.047619047619037,
                    94.28571428571428
                ],
                [
                    442.04761904761904,
                    152.38095238095238
                ],
                [
                    449.66666666666663,
                    158.0952380952381
                ],
                [
                    452.5238095238095,
                    166.66666666666666
                ],
                [
                    389.66666666666663,
                    386.66666666666663
                ],
                [
                    382.04761904761904,
                    387.6190476190476
                ],
                [
                    217.28571428571428,
                    368.57142857142856
                ],
                [
                    57.28571428571428,
                    355.23809523809524
                ],
                [
                    28.714285714285722,
                    353.3333333333333
                ],
                [
                    19.190476190476204,
                    348.57142857142856
                ],
                [
                    11.571428571428555,
                    233.33333333333331
                ]
            ],
            "shape_type": "polygon",
            "flags": {}
        }
    ],
    "lineColor": [
        0,
        255,
        0,
        128
    ],
    "fillColor": [
        255,
        0,
        0,
        128
    ],
    "imagePath": "10025.jpg",
    "imageData": "",
    "imageHeight": 640,
    "imageWidth": 480
}