{
    "version": "3.21.1",
    "flags": {},
    "shapes": [
        {
            "label": "student_id",
            "line_color": null,
            "fill_color": null,
            "points": [
                [
                    29.66666666666663,
                    165.7142857142857
                ],
                [
                    34.42857142857139,
                    160.0
                ],
                [
                    45.85714285714283,
                    154.28571428571428
                ],
                [
                    463.0,
                    206.66666666666666
                ],
                [
                    470.6190476190476,
                    213.33333333333331
                ],
                [
                    471.57142857142856,
                    228.57142857142856
                ],
                [
                    436.33333333333326,
                    410.4761904761905
                ],
                [
                    431.57142857142856,
                    439.04761904761904
                ],
                [
                    423.95238095238096,
                    446.66666666666663
                ],
                [
                    266.80952380952374,
                    452.38095238095235
                ],
                [
                    266.80952380952374,
                    415.23809523809524
                ],
                [
                    257.2857142857142,
                    389.5238095238095
                ],
                [
                    240.1428571428571,
                    374.2857142857143
                ],
                [
                    226.8095238095238,
                    371.4285714285714
                ],
                [
                    220.1428571428571,
                    374.2857142857143
                ],
                [
                    209.66666666666663,
                    377.1428571428571
                ],
                [
                    196.33333333333331,
                    396.19047619047615
                ],
                [
                    177.28571428571428,
                    416.19047619047615
                ],
                [
                    151.57142857142856,
                    454.2857142857143
                ],
                [
                    37.28571428571428,
                    457.1428571428571
                ],
                [
                    25.857142857142833,
                    453.3333333333333
                ]
            ],
            "shape_type": "polygon",
            "flags": {}
        }
    ],
    "lineColor": [
        0,
        255,
        0,
        128
    ],
    "fillColor": [
        255,
        0,
        0,
        128
    ],
    "imagePath": "10035.jpg",
    "imageData": "",
    "imageHeight": 640,
    "imageWidth": 480
}