{
    "version": "3.21.1",
    "flags": {},
    "shapes": [
        {
            "label": "student_id",
            "line_color": null,
            "fill_color": null,
            "points": [
                [
                    16.333333333333314,
                    133.33333333333331
                ],
                [
                    20.14285714285711,
                    126.66666666666666
                ],
                [
                    418.2380952380952,
                    131.42857142857142
                ],
                [
                    437.2857142857142,
                    131.42857142857142
                ],
                [
                    445.8571428571428,
                    136.19047619047618
                ],
                [
                    450.6190476190476,
                    145.7142857142857
                ],
                [
                    460.1428571428571,
                    387.6190476190476
                ],
                [
                    458.2380952380952,
                    397.1428571428571
                ],
                [
                    451.57142857142856,
                    403.8095238095238
                ],
                [
                    65.85714285714283,
                    407.6190476190476
                ],
                [
                    26.809523809523796,
                    409.5238095238095
                ],
                [
                    16.333333333333314,
                    406.66666666666663
                ],
                [
                    9.666666666666629,
                    396.19047619047615
                ]
            ],
            "shape_type": "polygon",
            "flags": {}
        }
    ],
    "lineColor": [
        0,
        255,
        0,
        128
    ],
    "fillColor": [
        255,
        0,
        0,
        128
    ],
    "imagePath": "10033.jpg",
    "imageData": "",
    "imageHeight": 640,
    "imageWidth": 480
}