{
    "version": "3.21.1",
    "flags": {},
    "shapes": [
        {
            "label": "student_id",
            "line_color": null,
            "fill_color": null,
            "points": [
                [
                    122.04761904761904,
                    80.0
                ],
                [
                    388.71428571428567,
                    85.71428571428571
                ],
                [
                    398.2380952380952,
                    91.42857142857143
                ],
                [
                    400.1428571428571,
                    101.9047619047619
                ],
                [
                    383.95238095238096,
                    352.38095238095235
                ],
                [
                    375.3809523809524,
                    511.4285714285714
                ],
                [
                    374.42857142857144,
                    525.7142857142857
                ],
                [
                    367.7619047619047,
                    534.2857142857142
                ],
                [
                    343.95238095238096,
                    536.1904761904761
                ],
                [
                    118.23809523809524,
                    531.4285714285714
                ],
                [
                    104.90476190476187,
                    530.4761904761905
                ],
                [
                    102.04761904761904,
                    523.8095238095237
                ],
                [
                    119.19047619047615,
                    95.23809523809524
                ]
            ],
            "shape_type": "polygon",
            "flags": {}
        }
    ],
    "lineColor": [
        0,
        255,
        0,
        128
    ],
    "fillColor": [
        255,
        0,
        0,
        128
    ],
    "imagePath": "10030.jpg",
    "imageData": "",
    "imageHeight": 640,
    "imageWidth": 480
}