{
    "version": "3.21.1",
    "flags": {},
    "shapes": [
        {
            "label": "student_id",
            "line_color": null,
            "fill_color": null,
            "points": [
                [
                    48.71428571428572,
                    314.2857142857143
                ],
                [
                    300.1428571428571,
                    205.7142857142857
                ],
                [
                    387.7619047619047,
                    167.61904761904762
                ],
                [
                    397.2857142857142,
                    167.61904761904762
                ],
                [
                    401.0952380952381,
                    171.42857142857142
                ],
                [
                    467.7619047619047,
                    359.04761904761904
                ],
                [
                    470.6190476190476,
                    369.5238095238095
                ],
                [
                    434.42857142857144,
                    391.4285714285714
                ],
                [
                    173.47619047619048,
                    520.952380952381
                ],
                [
                    155.38095238095235,
                    531.4285714285714
                ],
                [
                    148.71428571428572,
                    527.6190476190476
                ]
            ],
            "shape_type": "polygon",
            "flags": {}
        }
    ],
    "lineColor": [
        0,
        255,
        0,
        128
    ],
    "fillColor": [
        255,
        0,
        0,
        128
    ],
    "imagePath": "10036.jpg",
    "imageData": "",
    "imageHeight": 640,
    "imageWidth": 480
}