{
    "version": "3.21.1",
    "flags": {},
    "shapes": [
        {
            "label": "student_id",
            "line_color": null,
            "fill_color": null,
            "points": [
                [
                    49.66666666666663,
                    133.33333333333331
                ],
                [
                    448.71428571428567,
                    144.76190476190476
                ],
                [
                    455.3809523809523,
                    149.52380952380952
                ],
                [
                    458.2380952380952,
                    169.52380952380952
                ],
                [
                    464.9047619047619,
                    403.8095238095238
                ],
                [
                    459.19047619047615,
                    413.3333333333333
                ],
                [
                    15.380952380952351,
                    379.04761904761904
                ],
                [
                    3.952380952380963,
                    372.38095238095235
                ],
                [
                    3.0,
                    364.76190476190476
                ]
            ],
            "shape_type": "polygon",
            "flags": {}
        }
    ],
    "lineColor": [
        0,
        255,
        0,
        128
    ],
    "fillColor": [
        255,
        0,
        0,
        128
    ],
    "imagePath": "10034.jpg",
    "imageData": "",
    "imageHeight": 640,
    "imageWidth": 480
}