{
    "version": "3.21.1",
    "flags": {},
    "shapes": [
        {
            "label": "student_id",
            "line_color": null,
            "fill_color": null,
            "points": [
                [
                    23.952380952380963,
                    176.19047619047618
                ],
                [
                    333.4761904761905,
                    176.19047619047618
                ],
                [
                    421.0952380952381,
                    178.09523809523807
                ],
                [
                    433.4761904761905,
                    180.95238095238093
                ],
                [
                    443.95238095238096,
                    414.2857142857143
                ],
                [
                    443.95238095238096,
                    426.66666666666663
                ],
                [
                    440.1428571428571,
                    434.2857142857143
                ],
                [
                    276.33333333333326,
                    439.04761904761904
                ],
                [
                    33.47619047619048,
                    440.9523809523809
                ],
                [
                    22.047619047619037,
                    440.0
                ],
                [
                    17.285714285714278,
                    431.4285714285714
                ],
                [
                    19.190476190476204,
                    281.90476190476187
                ],
                [
                    21.095238095238074,
                    188.57142857142856
                ]
            ],
            "shape_type": "polygon",
            "flags": {}
        }
    ],
    "lineColor": [
        0,
        255,
        0,
        128
    ],
    "fillColor": [
        255,
        0,
        0,
        128
    ],
    "imagePath": "10038.jpg",
    "imageData": "",
    "imageHeight": 640,
    "imageWidth": 480
}