{
    "version": "3.21.1",
    "flags": {},
    "shapes": [
        {
            "label": "student_id",
            "line_color": null,
            "fill_color": null,
            "points": [
                [
                    15.380952380952351,
                    173.33333333333331
                ],
                [
                    20.14285714285711,
                    159.04761904761904
                ],
                [
                    448.71428571428567,
                    161.9047619047619
                ],
                [
                    458.2380952380952,
                    165.7142857142857
                ],
                [
                    452.5238095238095,
                    426.66666666666663
                ],
                [
                    450.6190476190476,
                    434.2857142857143
                ],
                [
                    195.38095238095235,
                    434.2857142857143
                ],
                [
                    191.57142857142856,
                    419.04761904761904
                ],
                [
                    180.1428571428571,
                    396.19047619047615
                ],
                [
                    163.9523809523809,
                    382.85714285714283
                ],
                [
                    147.76190476190476,
                    378.0952380952381
                ],
                [
                    129.66666666666663,
                    381.90476190476187
                ],
                [
                    72.52380952380952,
                    437.1428571428571
                ],
                [
                    40.14285714285711,
                    436.19047619047615
                ],
                [
                    28.714285714285722,
                    434.2857142857143
                ],
                [
                    23.952380952380963,
                    427.6190476190476
                ]
            ],
            "shape_type": "polygon",
            "flags": {}
        }
    ],
    "lineColor": [
        0,
        255,
        0,
        128
    ],
    "fillColor": [
        255,
        0,
        0,
        128
    ],
    "imagePath": "10039.jpg",
    "imageData": "",
    "imageHeight": 640,
    "imageWidth": 480
}