{
    "version": "3.21.1",
    "flags": {},
    "shapes": [
        {
            "label": "student_id",
            "line_color": null,
            "fill_color": null,
            "points": [
                [
                    105.85714285714283,
                    90.47619047619047
                ],
                [
                    349.66666666666663,
                    101.9047619047619
                ],
                [
                    363.95238095238096,
                    103.80952380952381
                ],
                [
                    370.6190476190476,
                    109.52380952380952
                ],
                [
                    373.4761904761905,
                    120.95238095238095
                ],
                [
                    406.80952380952374,
                    400.0
                ],
                [
                    420.1428571428571,
                    538.0952380952381
                ],
                [
                    423.0,
                    554.2857142857142
                ],
                [
                    417.2857142857142,
                    569.5238095238095
                ],
                [
                    398.2380952380952,
                    572.3809523809524
                ],
                [
                    76.33333333333331,
                    576.1904761904761
                ],
                [
                    54.42857142857139,
                    576.1904761904761
                ],
                [
                    43.95238095238096,
                    570.4761904761905
                ],
                [
                    49.66666666666663,
                    484.76190476190476
                ],
                [
                    95.38095238095235,
                    106.66666666666666
                ]
            ],
            "shape_type": "polygon",
            "flags": {}
        }
    ],
    "lineColor": [
        0,
        255,
        0,
        128
    ],
    "fillColor": [
        255,
        0,
        0,
        128
    ],
    "imagePath": "10032.jpg",
    "imageData": "",
    "imageHeight": 640,
    "imageWidth": 480
}