{
    "version": "3.21.1",
    "flags": {},
    "shapes": [
        {
            "label": "student_id",
            "line_color": null,
            "fill_color": null,
            "points": [
                [
                    4.90476190476187,
                    412.38095238095235
                ],
                [
                    227.76190476190476,
                    103.80952380952381
                ],
                [
                    235.38095238095235,
                    100.0
                ],
                [
                    348.71428571428567,
                    156.19047619047618
                ],
                [
                    442.04761904761904,
                    200.95238095238093
                ],
                [
                    444.9047619047619,
                    204.76190476190476
                ],
                [
                    239.19047619047615,
                    566.6666666666666
                ],
                [
                    228.71428571428567,
                    573.3333333333333
                ],
                [
                    216.33333333333331,
                    569.5238095238095
                ],
                [
                    17.285714285714278,
                    431.4285714285714
                ],
                [
                    5.857142857142833,
                    425.7142857142857
                ]
            ],
            "shape_type": "polygon",
            "flags": {}
        }
    ],
    "lineColor": [
        0,
        255,
        0,
        128
    ],
    "fillColor": [
        255,
        0,
        0,
        128
    ],
    "imagePath": "10031.jpg",
    "imageData": "",
    "imageHeight": 640,
    "imageWidth": 480
}