{
    "version": "3.21.1",
    "flags": {},
    "shapes": [
        {
            "label": "student_id",
            "line_color": null,
            "fill_color": null,
            "points": [
                [
                    63.95238095238096,
                    12.38095238095238
                ],
                [
                    272.5238095238095,
                    13.333333333333332
                ],
                [
                    406.80952380952374,
                    14.285714285714285
                ],
                [
                    412.5238095238095,
                    20.0
                ],
                [
                    416.33333333333326,
                    222.85714285714286
                ],
                [
                    410.6190476190476,
                    229.52380952380952
                ],
                [
                    396.33333333333326,
                    232.38095238095238
                ],
                [
                    245.85714285714283,
                    236.19047619047618
                ],
                [
                    234.4285714285714,
                    209.52380952380952
                ],
                [
                    226.8095238095238,
                    205.7142857142857
                ],
                [
                    166.8095238095238,
                    235.23809523809524
                ],
                [
                    66.8095238095238,
                    232.38095238095238
                ],
                [
                    63.0,
                    226.66666666666666
                ],
                [
                    60.14285714285711,
                    87.61904761904762
                ],
                [
                    60.14285714285711,
                    26.666666666666664
                ]
            ],
            "shape_type": "polygon",
            "flags": {}
        },
        {
            "label": "student_id",
            "line_color": null,
            "fill_color": null,
            "points": [
                [
                    30.619047619047592,
                    310.4761904761905
                ],
                [
                    32.52380952380952,
                    299.04761904761904
                ],
                [
                    158.23809523809524,
                    240.0
                ],
                [
                    228.71428571428567,
                    205.7142857142857
                ],
                [
                    376.33333333333326,
                    517.1428571428571
                ],
                [
                    363.95238095238096,
                    527.6190476190476
                ],
                [
                    189.66666666666663,
                    612.3809523809524
                ],
                [
                    180.1428571428571,
                    612.3809523809524
                ],
                [
                    43.0,
                    329.5238095238095
                ]
            ],
            "shape_type": "polygon",
            "flags": {}
        }
    ],
    "lineColor": [
        0,
        255,
        0,
        128
    ],
    "fillColor": [
        255,
        0,
        0,
        128
    ],
    "imagePath": "10037.jpg",
    "imageData": "",
    "imageHeight": 640,
    "imageWidth": 480
}