{
    "version": "3.21.1",
    "flags": {},
    "shapes": [
        {
            "label": "student_id",
            "line_color": null,
            "fill_color": null,
            "points": [
                [
                    27.76190476190476,
                    134.28571428571428
                ],
                [
                    439.19047619047615,
                    118.09523809523809
                ],
                [
                    448.71428571428567,
                    120.95238095238095
                ],
                [
                    452.5238095238095,
                    130.47619047619048
                ],
                [
                    462.04761904761904,
                    372.38095238095235
                ],
                [
                    463.0,
                    382.85714285714283
                ],
                [
                    458.2380952380952,
                    394.2857142857143
                ],
                [
                    447.7619047619047,
                    400.0
                ],
                [
                    29.66666666666663,
                    399.04761904761904
                ],
                [
                    22.047619047619037,
                    393.3333333333333
                ]
            ],
            "shape_type": "polygon",
            "flags": {}
        }
    ],
    "lineColor": [
        0,
        255,
        0,
        128
    ],
    "fillColor": [
        255,
        0,
        0,
        128
    ],
    "imagePath": "10042.jpg",
    "imageData": "",
    "imageHeight": 640,
    "imageWidth": 480
}