{
    "version": "3.21.1",
    "flags": {},
    "shapes": [
        {
            "label": "student_id",
            "line_color": null,
            "fill_color": null,
            "points": [
                [
                    13.476190476190482,
                    198.09523809523807
                ],
                [
                    14.428571428571445,
                    190.47619047619048
                ],
                [
                    32.52380952380952,
                    184.76190476190476
                ],
                [
                    57.28571428571428,
                    182.85714285714286
                ],
                [
                    428.71428571428567,
                    164.76190476190476
                ],
                [
                    443.95238095238096,
                    168.57142857142856
                ],
                [
                    446.80952380952374,
                    186.66666666666666
                ],
                [
                    450.6190476190476,
                    378.0952380952381
                ],
                [
                    451.57142857142856,
                    420.0
                ],
                [
                    448.71428571428567,
                    432.38095238095235
                ],
                [
                    366.80952380952374,
                    437.1428571428571
                ],
                [
                    358.2380952380952,
                    420.0
                ],
                [
                    343.95238095238096,
                    412.38095238095235
                ],
                [
                    329.66666666666663,
                    413.3333333333333
                ],
                [
                    305.8571428571429,
                    421.90476190476187
                ],
                [
                    275.3809523809524,
                    428.57142857142856
                ],
                [
                    254.4285714285714,
                    435.23809523809524
                ],
                [
                    230.6190476190476,
                    441.90476190476187
                ],
                [
                    217.28571428571428,
                    447.6190476190476
                ],
                [
                    45.85714285714283,
                    455.23809523809524
                ],
                [
                    37.28571428571428,
                    453.3333333333333
                ],
                [
                    32.52380952380952,
                    446.66666666666663
                ],
                [
                    11.571428571428555,
                    217.14285714285714
                ]
            ],
            "shape_type": "polygon",
            "flags": {}
        }
    ],
    "lineColor": [
        0,
        255,
        0,
        128
    ],
    "fillColor": [
        255,
        0,
        0,
        128
    ],
    "imagePath": "10040.jpg",
    "imageData": "",
    "imageHeight": 640,
    "imageWidth": 480
}