{
    "version": "3.21.1",
    "flags": {},
    "shapes": [
        {
            "label": "student_id",
            "line_color": null,
            "fill_color": null,
            "points": [
                [
                    45.85714285714283,
                    31.428571428571427
                ],
                [
                    54.42857142857139,
                    21.904761904761905
                ],
                [
                    383.95238095238096,
                    22.857142857142858
                ],
                [
                    399.19047619047615,
                    28.57142857142857
                ],
                [
                    403.0,
                    43.80952380952381
                ],
                [
                    404.9047619047619,
                    576.1904761904761
                ],
                [
                    395.3809523809524,
                    588.5714285714286
                ],
                [
                    291.57142857142856,
                    592.3809523809524
                ],
                [
                    55.38095238095235,
                    586.6666666666666
                ],
                [
                    48.71428571428572,
                    582.8571428571428
                ],
                [
                    45.85714285714283,
                    375.23809523809524
                ],
                [
                    114.42857142857139,
                    347.6190476190476
                ],
                [
                    136.33333333333331,
                    315.23809523809524
                ],
                [
                    137.28571428571428,
                    277.1428571428571
                ],
                [
                    120.14285714285711,
                    245.7142857142857
                ],
                [
                    90.61904761904759,
                    225.7142857142857
                ],
                [
                    70.61904761904759,
                    224.76190476190476
                ],
                [
                    59.190476190476204,
                    227.61904761904762
                ],
                [
                    43.95238095238096,
                    221.9047619047619
                ]
            ],
            "shape_type": "polygon",
            "flags": {}
        }
    ],
    "lineColor": [
        0,
        255,
        0,
        128
    ],
    "fillColor": [
        255,
        0,
        0,
        128
    ],
    "imagePath": "10041.jpg",
    "imageData": "",
    "imageHeight": 640,
    "imageWidth": 480
}