{
    "version": "3.21.1",
    "flags": {},
    "shapes": [
        {
            "label": "student_id",
            "line_color": null,
            "fill_color": null,
            "points": [
                [
                    25.857142857142833,
                    413.3333333333333
                ],
                [
                    297.2857142857142,
                    55.238095238095234
                ],
                [
                    303.0,
                    50.476190476190474
                ],
                [
                    308.71428571428567,
                    54.285714285714285
                ],
                [
                    425.8571428571428,
                    221.9047619047619
                ],
                [
                    426.80952380952374,
                    229.52380952380952
                ],
                [
                    423.0,
                    238.09523809523807
                ],
                [
                    239.19047619047615,
                    529.5238095238095
                ],
                [
                    228.71428571428567,
                    536.1904761904761
                ],
                [
                    134.4285714285714,
                    484.76190476190476
                ],
                [
                    27.76190476190476,
                    426.66666666666663
                ]
            ],
            "shape_type": "polygon",
            "flags": {}
        }
    ],
    "lineColor": [
        0,
        255,
        0,
        128
    ],
    "fillColor": [
        255,
        0,
        0,
        128
    ],
    "imagePath": "10046.jpg",
    "imageData": "",
    "imageHeight": 640,
    "imageWidth": 480
}