{
    "version": "3.21.1",
    "flags": {},
    "shapes": [
        {
            "label": "student_id",
            "line_color": null,
            "fill_color": null,
            "points": [
                [
                    177.99999999999997,
                    67.14285714285714
                ],
                [
                    177.99999999999997,
                    57.14285714285714
                ],
                [
                    180.1428571428571,
                    49.99999999999999
                ],
                [
                    192.28571428571425,
                    46.42857142857142
                ],
                [
                    421.5714285714285,
                    40.71428571428571
                ],
                [
                    432.2857142857142,
                    46.42857142857142
                ],
                [
                    434.4285714285714,
                    51.42857142857142
                ],
                [
                    438.71428571428567,
                    438.57142857142856
                ],
                [
                    435.85714285714283,
                    444.99999999999994
                ],
                [
                    429.4285714285714,
                    448.57142857142856
                ],
                [
                    189.42857142857142,
                    450.71428571428567
                ],
                [
                    182.99999999999997,
                    445.71428571428567
                ]
            ],
            "shape_type": "polygon",
            "flags": {}
        }
    ],
    "lineColor": [
        0,
        255,
        0,
        128
    ],
    "fillColor": [
        255,
        0,
        0,
        128
    ],
    "imagePath": "10043.jpg",
    "imageData": "",
    "imageHeight": 480,
    "imageWidth": 640
}