{
    "version": "3.21.1",
    "flags": {},
    "shapes": [
        {
            "label": "student_id",
            "line_color": null,
            "fill_color": null,
            "points": [
                [
                    145.85714285714283,
                    128.57142857142856
                ],
                [
                    159.19047619047615,
                    83.80952380952381
                ],
                [
                    165.85714285714283,
                    75.23809523809524
                ],
                [
                    176.33333333333331,
                    69.52380952380952
                ],
                [
                    429.66666666666663,
                    153.33333333333331
                ],
                [
                    433.4761904761905,
                    158.0952380952381
                ],
                [
                    311.57142857142856,
                    594.2857142857142
                ],
                [
                    302.04761904761904,
                    598.0952380952381
                ],
                [
                    29.66666666666663,
                    522.8571428571429
                ],
                [
                    23.952380952380963,
                    512.3809523809524
                ]
            ],
            "shape_type": "polygon",
            "flags": {}
        }
    ],
    "lineColor": [
        0,
        255,
        0,
        128
    ],
    "fillColor": [
        255,
        0,
        0,
        128
    ],
    "imagePath": "10047.jpg",
    "imageData": "",
    "imageHeight": 640,
    "imageWidth": 480
}