{
    "version": "3.21.1",
    "flags": {},
    "shapes": [
        {
            "label": "student_id",
            "line_color": null,
            "fill_color": null,
            "points": [
                [
                    17.285714285714278,
                    169.52380952380952
                ],
                [
                    444.9047619047619,
                    183.8095238095238
                ],
                [
                    457.2857142857142,
                    183.8095238095238
                ],
                [
                    463.95238095238096,
                    190.47619047619048
                ],
                [
                    464.9047619047619,
                    200.95238095238093
                ],
                [
                    450.6190476190476,
                    403.8095238095238
                ],
                [
                    450.6190476190476,
                    417.1428571428571
                ],
                [
                    443.0,
                    422.85714285714283
                ],
                [
                    429.66666666666663,
                    425.7142857142857
                ],
                [
                    399.19047619047615,
                    434.2857142857143
                ],
                [
                    383.0,
                    440.9523809523809
                ],
                [
                    363.95238095238096,
                    443.8095238095238
                ],
                [
                    339.19047619047615,
                    448.57142857142856
                ],
                [
                    323.0,
                    453.3333333333333
                ],
                [
                    304.9047619047619,
                    457.1428571428571
                ],
                [
                    283.95238095238096,
                    458.0952380952381
                ],
                [
                    151.57142857142856,
                    455.23809523809524
                ],
                [
                    14.428571428571445,
                    452.38095238095235
                ],
                [
                    7.761904761904759,
                    445.7142857142857
                ],
                [
                    1.0952380952380736,
                    191.42857142857142
                ],
                [
                    3.0,
                    176.19047619047618
                ]
            ],
            "shape_type": "polygon",
            "flags": {}
        }
    ],
    "lineColor": [
        0,
        255,
        0,
        128
    ],
    "fillColor": [
        255,
        0,
        0,
        128
    ],
    "imagePath": "10048.jpg",
    "imageData": "",
    "imageHeight": 640,
    "imageWidth": 480
}