{
    "version": "3.21.1",
    "flags": {},
    "shapes": [
        {
            "label": "student_id",
            "line_color": null,
            "fill_color": null,
            "points": [
                [
                    85.85714285714283,
                    56.19047619047619
                ],
                [
                    372.5238095238095,
                    50.476190476190474
                ],
                [
                    390.6190476190476,
                    50.476190476190474
                ],
                [
                    404.9047619047619,
                    54.285714285714285
                ],
                [
                    409.66666666666663,
                    63.80952380952381
                ],
                [
                    407.7619047619047,
                    555.2380952380952
                ],
                [
                    399.19047619047615,
                    565.7142857142857
                ],
                [
                    106.8095238095238,
                    573.3333333333333
                ],
                [
                    97.28571428571428,
                    571.4285714285714
                ],
                [
                    90.61904761904759,
                    563.8095238095237
                ],
                [
                    82.04761904761904,
                    234.28571428571428
                ],
                [
                    81.09523809523807,
                    66.66666666666666
                ]
            ],
            "shape_type": "polygon",
            "flags": {}
        }
    ],
    "lineColor": [
        0,
        255,
        0,
        128
    ],
    "fillColor": [
        255,
        0,
        0,
        128
    ],
    "imagePath": "10044.jpg",
    "imageData": "",
    "imageHeight": 640,
    "imageWidth": 480
}