{
    "version": "3.21.1",
    "flags": {},
    "shapes": [
        {
            "label": "student_id",
            "line_color": null,
            "fill_color": null,
            "points": [
                [
                    123.7142857142857,
                    137.85714285714283
                ],
                [
                    301.57142857142856,
                    10.714285714285714
                ],
                [
                    309.4285714285714,
                    10.714285714285714
                ],
                [
                    317.99999999999994,
                    19.285714285714285
                ],
                [
                    523.7142857142857,
                    304.2857142857143
                ],
                [
                    529.4285714285713,
                    314.2857142857143
                ],
                [
                    530.1428571428571,
                    319.99999999999994
                ],
                [
                    429.4285714285714,
                    387.85714285714283
                ],
                [
                    334.4285714285714,
                    456.4285714285714
                ],
                [
                    327.2857142857143,
                    454.2857142857142
                ],
                [
                    288.71428571428567,
                    396.4285714285714
                ],
                [
                    126.57142857142856,
                    157.14285714285714
                ],
                [
                    122.28571428571428,
                    149.28571428571428
                ]
            ],
            "shape_type": "polygon",
            "flags": {}
        }
    ],
    "lineColor": [
        0,
        255,
        0,
        128
    ],
    "fillColor": [
        255,
        0,
        0,
        128
    ],
    "imagePath": "10045.jpg",
    "imageData": "",
    "imageHeight": 480,
    "imageWidth": 640
}