{
    "version": "3.21.1",
    "flags": {},
    "shapes": [
        {
            "label": "student_id",
            "line_color": null,
            "fill_color": null,
            "points": [
                [
                    30.619047619047592,
                    178.09523809523807
                ],
                [
                    420.1428571428571,
                    168.57142857142856
                ],
                [
                    434.42857142857144,
                    168.57142857142856
                ],
                [
                    441.0952380952381,
                    173.33333333333331
                ],
                [
                    451.57142857142856,
                    420.0
                ],
                [
                    451.57142857142856,
                    425.7142857142857
                ],
                [
                    431.12582781456956,
                    429.13907284768214
                ],
                [
                    360.26490066225165,
                    431.12582781456956
                ],
                [
                    168.21192052980132,
                    435.7615894039735
                ],
                [
                    41.72185430463577,
                    437.08609271523176
                ],
                [
                    33.7748344370861,
                    433.7748344370861
                ],
                [
                    29.139072847682115,
                    427.81456953642385
                ],
                [
                    27.814569536423846,
                    258.27814569536423
                ],
                [
                    27.152317880794698,
                    221.8543046357616
                ],
                [
                    27.152317880794698,
                    198.01324503311258
                ],
                [
                    29.139072847682115,
                    186.09271523178808
                ]
            ],
            "shape_type": "polygon",
            "flags": {}
        }
    ],
    "lineColor": [
        0,
        255,
        0,
        128
    ],
    "fillColor": [
        255,
        0,
        0,
        128
    ],
    "imagePath": "10049.jpg",
    "imageData": "",
    "imageHeight": 640,
    "imageWidth": 480
}