{
    "version": "3.21.1",
    "flags": {},
    "shapes": [
        {
            "label": "student_id",
            "line_color": null,
            "fill_color": null,
            "points": [
                [
                    14.428571428571445,
                    435.23809523809524
                ],
                [
                    211.57142857142856,
                    80.0
                ],
                [
                    223.9523809523809,
                    67.61904761904762
                ],
                [
                    235.38095238095235,
                    67.61904761904762
                ],
                [
                    423.0,
                    168.57142857142856
                ],
                [
                    460.1428571428571,
                    189.52380952380952
                ],
                [
                    422.04761904761904,
                    260.0
                ],
                [
                    324.9047619047619,
                    436.19047619047615
                ],
                [
                    249.66666666666663,
                    574.2857142857142
                ],
                [
                    233.47619047619048,
                    568.5714285714286
                ],
                [
                    16.333333333333314,
                    441.90476190476187
                ]
            ],
            "shape_type": "polygon",
            "flags": {}
        }
    ],
    "lineColor": [
        0,
        255,
        0,
        128
    ],
    "fillColor": [
        255,
        0,
        0,
        128
    ],
    "imagePath": "10050.jpg",
    "imageData": "",
    "imageHeight": 640,
    "imageWidth": 480
}