{
    "version": "3.21.1",
    "flags": {},
    "shapes": [
        {
            "label": "student_id",
            "line_color": null,
            "fill_color": null,
            "points": [
                [
                    18.23809523809524,
                    135.23809523809524
                ],
                [
                    18.23809523809524,
                    116.19047619047619
                ],
                [
                    21.095238095238074,
                    106.66666666666666
                ],
                [
                    31.571428571428555,
                    104.76190476190476
                ],
                [
                    143.95238095238096,
                    126.66666666666666
                ],
                [
                    362.04761904761904,
                    173.33333333333331
                ],
                [
                    384.9047619047619,
                    180.95238095238093
                ],
                [
                    418.2380952380952,
                    193.33333333333331
                ],
                [
                    425.8571428571428,
                    193.33333333333331
                ],
                [
                    438.2380952380952,
                    192.38095238095238
                ],
                [
                    464.9047619047619,
                    198.09523809523807
                ],
                [
                    466.80952380952374,
                    207.61904761904762
                ],
                [
                    384.9047619047619,
                    428.57142857142856
                ],
                [
                    375.3809523809524,
                    429.5238095238095
                ],
                [
                    228.71428571428567,
                    396.19047619047615
                ],
                [
                    213.47619047619048,
                    390.4761904761905
                ],
                [
                    203.0,
                    389.5238095238095
                ],
                [
                    184.90476190476187,
                    380.0
                ],
                [
                    158.23809523809524,
                    380.0
                ],
                [
                    31.571428571428555,
                    354.2857142857143
                ],
                [
                    20.14285714285711,
                    349.5238095238095
                ],
                [
                    16.333333333333314,
                    343.8095238095238
                ]
            ],
            "shape_type": "polygon",
            "flags": {}
        }
    ],
    "lineColor": [
        0,
        255,
        0,
        128
    ],
    "fillColor": [
        255,
        0,
        0,
        128
    ],
    "imagePath": "10056.jpg",
    "imageData": "",
    "imageHeight": 640,
    "imageWidth": 480
}