{
    "version": "3.21.1",
    "flags": {},
    "shapes": [
        {
            "label": "student_id",
            "line_color": null,
            "fill_color": null,
            "points": [
                [
                    3.0,
                    248.57142857142856
                ],
                [
                    202.04761904761904,
                    192.38095238095238
                ],
                [
                    388.71428571428567,
                    143.8095238095238
                ],
                [
                    397.2857142857142,
                    150.47619047619048
                ],
                [
                    472.5238095238095,
                    374.2857142857143
                ],
                [
                    467.7619047619047,
                    382.85714285714283
                ],
                [
                    311.57142857142856,
                    431.4285714285714
                ],
                [
                    304.9047619047619,
                    411.4285714285714
                ],
                [
                    295.3809523809524,
                    395.23809523809524
                ],
                [
                    282.04761904761904,
                    384.76190476190476
                ],
                [
                    262.04761904761904,
                    379.04761904761904
                ],
                [
                    238.23809523809524,
                    383.8095238095238
                ],
                [
                    223.9523809523809,
                    397.1428571428571
                ],
                [
                    207.76190476190476,
                    402.85714285714283
                ],
                [
                    169.66666666666663,
                    437.1428571428571
                ],
                [
                    143.95238095238096,
                    455.23809523809524
                ],
                [
                    127.76190476190476,
                    472.38095238095235
                ],
                [
                    114.42857142857139,
                    492.38095238095235
                ],
                [
                    89.66666666666663,
                    502.85714285714283
                ],
                [
                    77.28571428571428,
                    506.66666666666663
                ],
                [
                    68.71428571428572,
                    500.9523809523809
                ],
                [
                    57.28571428571428,
                    464.76190476190476
                ],
                [
                    35.38095238095235,
                    374.2857142857143
                ],
                [
                    6.809523809523796,
                    274.2857142857143
                ]
            ],
            "shape_type": "polygon",
            "flags": {}
        }
    ],
    "lineColor": [
        0,
        255,
        0,
        128
    ],
    "fillColor": [
        255,
        0,
        0,
        128
    ],
    "imagePath": "10052.jpg",
    "imageData": "",
    "imageHeight": 640,
    "imageWidth": 480
}