{
    "version": "3.21.1",
    "flags": {},
    "shapes": [
        {
            "label": "student_id",
            "line_color": null,
            "fill_color": null,
            "points": [
                [
                    92.28571428571428,
                    144.28571428571428
                ],
                [
                    267.99999999999994,
                    7.142857142857142
                ],
                [
                    277.2857142857143,
                    4.285714285714286
                ],
                [
                    284.4285714285714,
                    9.285714285714285
                ],
                [
                    493.71428571428567,
                    277.85714285714283
                ],
                [
                    513.7142857142857,
                    305.71428571428567
                ],
                [
                    512.2857142857142,
                    312.1428571428571
                ],
                [
                    323.71428571428567,
                    456.4285714285714
                ],
                [
                    315.85714285714283,
                    454.99999999999994
                ],
                [
                    215.85714285714283,
                    321.4285714285714
                ],
                [
                    100.14285714285714,
                    169.28571428571428
                ],
                [
                    93.0,
                    158.57142857142856
                ],
                [
                    89.42857142857142,
                    153.57142857142856
                ]
            ],
            "shape_type": "polygon",
            "flags": {}
        }
    ],
    "lineColor": [
        0,
        255,
        0,
        128
    ],
    "fillColor": [
        255,
        0,
        0,
        128
    ],
    "imagePath": "10054.jpg",
    "imageData": "",
    "imageHeight": 480,
    "imageWidth": 640
}