{
    "version": "3.21.1",
    "flags": {},
    "shapes": [
        {
            "label": "student_id",
            "line_color": null,
            "fill_color": null,
            "points": [
                [
                    8.714285714285722,
                    348.57142857142856
                ],
                [
                    145.85714285714283,
                    274.2857142857143
                ],
                [
                    179.19047619047615,
                    254.28571428571428
                ],
                [
                    232.52380952380952,
                    221.9047619047619
                ],
                [
                    304.9047619047619,
                    180.95238095238093
                ],
                [
                    323.0,
                    168.57142857142856
                ],
                [
                    330.6190476190476,
                    167.61904761904762
                ],
                [
                    470.6190476190476,
                    334.2857142857143
                ],
                [
                    471.57142857142856,
                    341.90476190476187
                ],
                [
                    216.33333333333331,
                    606.6666666666666
                ],
                [
                    202.04761904761904,
                    620.952380952381
                ],
                [
                    193.47619047619048,
                    621.9047619047619
                ],
                [
                    183.9523809523809,
                    619.047619047619
                ],
                [
                    16.333333333333314,
                    384.76190476190476
                ],
                [
                    5.857142857142833,
                    367.6190476190476
                ]
            ],
            "shape_type": "polygon",
            "flags": {}
        }
    ],
    "lineColor": [
        0,
        255,
        0,
        128
    ],
    "fillColor": [
        255,
        0,
        0,
        128
    ],
    "imagePath": "10051.jpg",
    "imageData": "",
    "imageHeight": 640,
    "imageWidth": 480
}