{
    "version": "3.21.1",
    "flags": {},
    "shapes": [
        {
            "label": "student_id",
            "line_color": null,
            "fill_color": null,
            "points": [
                [
                    4.703296703296701,
                    186.8131868131868
                ],
                [
                    172.28571428571428,
                    91.20879120879121
                ],
                [
                    177.23076923076923,
                    89.56043956043956
                ],
                [
                    183.82417582417582,
                    92.85714285714285
                ],
                [
                    260.19780219780216,
                    161.53846153846152
                ],
                [
                    248.65934065934067,
                    173.07692307692307
                ],
                [
                    99.75824175824175,
                    273.6263736263736
                ],
                [
                    88.2197802197802,
                    280.7692307692308
                ],
                [
                    83.27472527472527,
                    280.7692307692308
                ],
                [
                    35.472527472527474,
                    225.82417582417582
                ]
            ],
            "shape_type": "polygon",
            "flags": {}
        },
        {
            "label": "student_id",
            "line_color": null,
            "fill_color": null,
            "points": [
                [
                    245.36263736263737,
                    134.06593406593407
                ],
                [
                    346.46153846153845,
                    100.0
                ],
                [
                    352.5054945054945,
                    101.64835164835165
                ],
                [
                    465.1428571428571,
                    248.9010989010989
                ],
                [
                    461.8461538461538,
                    252.1978021978022
                ],
                [
                    356.35164835164835,
                    300.5494505494505
                ],
                [
                    350.3076923076923,
                    297.8021978021978
                ]
            ],
            "shape_type": "polygon",
            "flags": {}
        },
        {
            "label": "student_id",
            "line_color": null,
            "fill_color": null,
            "points": [
                [
                    33.27472527472527,
                    489.010989010989
                ],
                [
                    159.64835164835165,
                    281.3186813186813
                ],
                [
                    166.7912087912088,
                    271.97802197802196
                ],
                [
                    172.28571428571428,
                    270.3296703296703
                ],
                [
                    297.010989010989,
                    330.2197802197802
                ],
                [
                    300.3076923076923,
                    335.16483516483515
                ],
                [
                    299.2087912087912,
                    340.65934065934067
                ],
                [
                    223.38461538461536,
                    506.5934065934066
                ],
                [
                    192.6153846153846,
                    571.4285714285714
                ],
                [
                    184.9230769230769,
                    574.1758241758241
                ],
                [
                    172.28571428571428,
                    569.2307692307692
                ],
                [
                    47.56043956043956,
                    501.0989010989011
                ],
                [
                    36.021978021978015,
                    496.15384615384613
                ]
            ],
            "shape_type": "polygon",
            "flags": {}
        }
    ],
    "lineColor": [
        0,
        255,
        0,
        128
    ],
    "fillColor": [
        255,
        0,
        0,
        128
    ],
    "imagePath": "10057.jpg",
    "imageData": "",
    "imageHeight": 640,
    "imageWidth": 480
}