{
    "version": "3.21.1",
    "flags": {},
    "shapes": [
        {
            "label": "student_id",
            "line_color": null,
            "fill_color": null,
            "points": [
                [
                    43.95238095238096,
                    41.904761904761905
                ],
                [
                    51.571428571428555,
                    36.19047619047619
                ],
                [
                    391.57142857142856,
                    17.142857142857142
                ],
                [
                    405.8571428571428,
                    23.80952380952381
                ],
                [
                    411.57142857142856,
                    50.476190476190474
                ],
                [
                    427.7619047619047,
                    601.9047619047619
                ],
                [
                    423.0,
                    612.3809523809524
                ],
                [
                    399.19047619047615,
                    613.3333333333333
                ],
                [
                    108.71428571428572,
                    618.0952380952381
                ],
                [
                    75.38095238095235,
                    618.0952380952381
                ],
                [
                    63.95238095238096,
                    617.1428571428571
                ],
                [
                    58.23809523809524,
                    607.6190476190476
                ],
                [
                    43.0,
                    217.14285714285714
                ],
                [
                    43.0,
                    60.0
                ]
            ],
            "shape_type": "polygon",
            "flags": {}
        }
    ],
    "lineColor": [
        0,
        255,
        0,
        128
    ],
    "fillColor": [
        255,
        0,
        0,
        128
    ],
    "imagePath": "10053.jpg",
    "imageData": "",
    "imageHeight": 640,
    "imageWidth": 480
}