{
    "version": "3.21.1",
    "flags": {},
    "shapes": [
        {
            "label": "student_id",
            "line_color": null,
            "fill_color": null,
            "points": [
                [
                    77.98795180722891,
                    103.6144578313253
                ],
                [
                    80.39759036144576,
                    98.79518072289156
                ],
                [
                    179.79518072289156,
                    83.73493975903614
                ],
                [
                    284.6144578313253,
                    64.4578313253012
                ],
                [
                    334.01204819277103,
                    52.40963855421686
                ],
                [
                    353.289156626506,
                    47.59036144578313
                ],
                [
                    361.1204819277108,
                    47.59036144578313
                ],
                [
                    380.39759036144574,
                    124.09638554216866
                ],
                [
                    402.0843373493976,
                    215.0602409638554
                ],
                [
                    397.867469879518,
                    220.48192771084337
                ],
                [
                    371.36144578313247,
                    227.10843373493975
                ],
                [
                    312.32530120481925,
                    240.3614457831325
                ],
                [
                    214.73493975903614,
                    262.6506024096385
                ],
                [
                    127.38554216867468,
                    280.12048192771084
                ],
                [
                    119.55421686746988,
                    280.12048192771084
                ],
                [
                    114.73493975903614,
                    266.86746987951807
                ]
            ],
            "shape_type": "polygon",
            "flags": {}
        },
        {
            "label": "student_id",
            "line_color": null,
            "fill_color": null,
            "points": [
                [
                    59.9156626506024,
                    438.55421686746985
                ],
                [
                    164.73493975903614,
                    289.15662650602405
                ],
                [
                    170.7590361445783,
                    285.54216867469876
                ],
                [
                    178.59036144578312,
                    287.95180722891564
                ],
                [
                    411.1204819277108,
                    441.56626506024094
                ],
                [
                    411.722891566265,
                    446.98795180722885
                ],
                [
                    325.578313253012,
                    615.6626506024096
                ],
                [
                    318.34939759036143,
                    614.4578313253012
                ],
                [
                    196.6626506024096,
                    536.144578313253
                ],
                [
                    65.33734939759034,
                    453.61445783132524
                ],
                [
                    58.71084337349396,
                    448.1927710843373
                ]
            ],
            "shape_type": "polygon",
            "flags": {}
        }
    ],
    "lineColor": [
        0,
        255,
        0,
        128
    ],
    "fillColor": [
        255,
        0,
        0,
        128
    ],
    "imagePath": "10058.jpg",
    "imageData": "",
    "imageHeight": 640,
    "imageWidth": 480
}