{
    "version": "3.21.1",
    "flags": {},
    "shapes": [
        {
            "label": "student_id",
            "line_color": null,
            "fill_color": null,
            "points": [
                [
                    65.85714285714285,
                    80.71428571428571
                ],
                [
                    70.14285714285712,
                    74.99999999999999
                ],
                [
                    262.99999999999994,
                    77.14285714285714
                ],
                [
                    560.8571428571428,
                    81.42857142857142
                ],
                [
                    570.1428571428571,
                    86.42857142857142
                ],
                [
                    574.4285714285713,
                    102.85714285714285
                ],
                [
                    570.8571428571428,
                    287.85714285714283
                ],
                [
                    569.4285714285713,
                    377.85714285714283
                ],
                [
                    566.5714285714286,
                    394.2857142857142
                ],
                [
                    557.2857142857142,
                    397.85714285714283
                ],
                [
                    367.2857142857142,
                    397.1428571428571
                ],
                [
                    81.57142857142856,
                    394.2857142857142
                ],
                [
                    71.57142857142856,
                    392.85714285714283
                ],
                [
                    66.57142857142856,
                    387.1428571428571
                ]
            ],
            "shape_type": "polygon",
            "flags": {}
        }
    ],
    "lineColor": [
        0,
        255,
        0,
        128
    ],
    "fillColor": [
        255,
        0,
        0,
        128
    ],
    "imagePath": "10059.jpg",
    "imageData": "",
    "imageHeight": 480,
    "imageWidth": 640
}