{
    "version": "3.21.1",
    "flags": {},
    "shapes": [
        {
            "label": "student_id",
            "line_color": null,
            "fill_color": null,
            "points": [
                [
                    123.0,
                    100.95238095238095
                ],
                [
                    124.90476190476187,
                    80.95238095238095
                ],
                [
                    125.85714285714283,
                    72.38095238095238
                ],
                [
                    133.47619047619048,
                    62.857142857142854
                ],
                [
                    155.38095238095235,
                    60.95238095238095
                ],
                [
                    386.80952380952374,
                    69.52380952380952
                ],
                [
                    400.1428571428571,
                    67.61904761904762
                ],
                [
                    409.66666666666663,
                    73.33333333333333
                ],
                [
                    410.6190476190476,
                    92.38095238095238
                ],
                [
                    408.71428571428567,
                    178.09523809523807
                ],
                [
                    123.0,
                    279.04761904761904
                ],
                [
                    123.95238095238096,
                    285.7142857142857
                ],
                [
                    116.33333333333331,
                    288.57142857142856
                ],
                [
                    113.47619047619048,
                    361.90476190476187
                ],
                [
                    404.9047619047619,
                    260.0
                ],
                [
                    392.5238095238095,
                    499.04761904761904
                ],
                [
                    390.6190476190476,
                    519.047619047619
                ],
                [
                    380.1428571428571,
                    529.5238095238095
                ],
                [
                    227.76190476190476,
                    520.0
                ],
                [
                    138.23809523809524,
                    515.2380952380952
                ],
                [
                    121.09523809523807,
                    515.2380952380952
                ],
                [
                    113.47619047619048,
                    506.66666666666663
                ],
                [
                    113.47619047619048,
                    454.2857142857143
                ],
                [
                    116.33333333333331,
                    382.85714285714283
                ],
                [
                    118.23809523809524,
                    280.0
                ]
            ],
            "shape_type": "polygon",
            "flags": {}
        }
    ],
    "lineColor": [
        0,
        255,
        0,
        128
    ],
    "fillColor": [
        255,
        0,
        0,
        128
    ],
    "imagePath": "10055.jpg",
    "imageData": "",
    "imageHeight": 640,
    "imageWidth": 480
}