{
    "version": "3.21.1",
    "flags": {},
    "shapes": [
        {
            "label": "student_id",
            "line_color": null,
            "fill_color": null,
            "points": [
                [
                    160.85714285714283,
                    202.85714285714283
                ],
                [
                    292.2857142857143,
                    36.42857142857142
                ],
                [
                    298.71428571428567,
                    35.0
                ],
                [
                    309.4285714285714,
                    39.99999999999999
                ],
                [
                    603.7142857142857,
                    232.85714285714283
                ],
                [
                    608.7142857142857,
                    241.42857142857142
                ],
                [
                    603.7142857142857,
                    252.85714285714283
                ],
                [
                    483.0,
                    443.57142857142856
                ],
                [
                    475.8571428571428,
                    442.1428571428571
                ],
                [
                    279.4285714285714,
                    298.57142857142856
                ],
                [
                    165.1428571428571,
                    216.42857142857142
                ]
            ],
            "shape_type": "polygon",
            "flags": {}
        },
        {
            "label": "student_id",
            "line_color": null,
            "fill_color": null,
            "points": [
                [
                    21.57142857142857,
                    79.28571428571428
                ],
                [
                    236.57142857142856,
                    45.71428571428571
                ],
                [
                    244.4285714285714,
                    47.857142857142854
                ],
                [
                    250.1428571428571,
                    90.71428571428571
                ],
                [
                    157.99999999999997,
                    204.99999999999997
                ],
                [
                    161.57142857142856,
                    212.85714285714283
                ],
                [
                    164.42857142857142,
                    219.99999999999997
                ],
                [
                    278.71428571428567,
                    299.99999999999994
                ],
                [
                    289.4285714285714,
                    405.71428571428567
                ],
                [
                    282.99999999999994,
                    414.2857142857142
                ],
                [
                    273.71428571428567,
                    419.99999999999994
                ],
                [
                    87.28571428571428,
                    444.99999999999994
                ],
                [
                    51.571428571428555,
                    450.71428571428567
                ],
                [
                    37.999999999999986,
                    447.85714285714283
                ],
                [
                    31.57142857142857,
                    435.71428571428567
                ]
            ],
            "shape_type": "polygon",
            "flags": {}
        }
    ],
    "lineColor": [
        0,
        255,
        0,
        128
    ],
    "fillColor": [
        255,
        0,
        0,
        128
    ],
    "imagePath": "10068.jpg",
    "imageData": "",
    "imageHeight": 480,
    "imageWidth": 640
}