{
    "version": "3.21.1",
    "flags": {},
    "shapes": [
        {
            "label": "student_id",
            "line_color": null,
            "fill_color": null,
            "points": [
                [
                    90.85714285714283,
                    22.142857142857142
                ],
                [
                    414.4285714285714,
                    17.857142857142854
                ],
                [
                    427.2857142857142,
                    19.285714285714285
                ],
                [
                    430.1428571428571,
                    24.999999999999996
                ],
                [
                    437.99999999999994,
                    222.85714285714283
                ],
                [
                    432.99999999999994,
                    227.1428571428571
                ],
                [
                    270.1428571428571,
                    231.42857142857142
                ],
                [
                    101.57142857142856,
                    234.28571428571428
                ],
                [
                    92.28571428571428,
                    232.85714285714283
                ],
                [
                    88.0,
                    227.85714285714283
                ],
                [
                    89.42857142857142,
                    44.99999999999999
                ],
                [
                    88.0,
                    31.428571428571427
                ]
            ],
            "shape_type": "polygon",
            "flags": {}
        },
        {
            "label": "student_id",
            "line_color": null,
            "fill_color": null,
            "points": [
                [
                    0.1428571428571388,
                    226.42857142857142
                ],
                [
                    85.85714285714283,
                    107.14285714285714
                ],
                [
                    87.28571428571428,
                    234.99999999999997
                ],
                [
                    101.57142857142856,
                    235.7142857142857
                ],
                [
                    266.57142857142856,
                    231.42857142857142
                ],
                [
                    91,
                    479
                ],
                [
                    38,
                    479
                ],
                [
                    0,
                    453
                ]
            ],
            "shape_type": "polygon",
            "flags": {}
        },
        {
            "label": "student_id",
            "line_color": null,
            "fill_color": null,
            "points": [
                [
                    287.99999999999994,
                    257.1428571428571
                ],
                [
                    293.71428571428567,
                    246.42857142857142
                ],
                [
                    314.4285714285714,
                    246.42857142857142
                ],
                [
                    615.1428571428571,
                    247.1428571428571
                ],
                [
                    621.5714285714286,
                    253.57142857142856
                ],
                [
                    626.5714285714286,
                    456.4285714285714
                ],
                [
                    617.9999999999999,
                    461.4285714285714
                ],
                [
                    311.57142857142856,
                    471.4285714285714
                ],
                [
                    297.2857142857143,
                    472.1428571428571
                ],
                [
                    290.1428571428571,
                    469.99999999999994
                ],
                [
                    285.1428571428571,
                    464.99999999999994
                ]
            ],
            "shape_type": "polygon",
            "flags": {}
        }
    ],
    "lineColor": [
        0,
        255,
        0,
        128
    ],
    "fillColor": [
        255,
        0,
        0,
        128
    ],
    "imagePath": "10067.jpg",
    "imageData": "",
    "imageHeight": 480,
    "imageWidth": 640
}