{
    "version": "3.21.1",
    "flags": {},
    "shapes": [
        {
            "label": "student_id",
            "line_color": null,
            "fill_color": null,
            "points": [
                [
                    39.190476190476204,
                    231.42857142857142
                ],
                [
                    40.14285714285711,
                    223.8095238095238
                ],
                [
                    67.76190476190476,
                    220.95238095238093
                ],
                [
                    354.42857142857144,
                    205.7142857142857
                ],
                [
                    454.42857142857144,
                    367.6190476190476
                ],
                [
                    444.9047619047619,
                    375.23809523809524
                ],
                [
                    108.71428571428572,
                    460.0
                ],
                [
                    95.38095238095235,
                    460.0
                ],
                [
                    85.85714285714283,
                    451.4285714285714
                ]
            ],
            "shape_type": "polygon",
            "flags": {}
        }
    ],
    "lineColor": [
        0,
        255,
        0,
        128
    ],
    "fillColor": [
        255,
        0,
        0,
        128
    ],
    "imagePath": "10062.jpg",
    "imageData": "",
    "imageHeight": 640,
    "imageWidth": 480
}