{
    "version": "3.21.1",
    "flags": {},
    "shapes": [
        {
            "label": "student_id",
            "line_color": null,
            "fill_color": null,
            "points": [
                [
                    20.14285714285711,
                    468.57142857142856
                ],
                [
                    183.0,
                    47.61904761904762
                ],
                [
                    191.57142857142856,
                    39.047619047619044
                ],
                [
                    455.3809523809523,
                    101.9047619047619
                ],
                [
                    463.95238095238096,
                    110.47619047619047
                ],
                [
                    423.95238095238096,
                    251.42857142857142
                ],
                [
                    407.7619047619047,
                    245.7142857142857
                ],
                [
                    391.57142857142856,
                    247.61904761904762
                ],
                [
                    380.1428571428571,
                    258.0952380952381
                ],
                [
                    370.6190476190476,
                    268.57142857142856
                ],
                [
                    366.80952380952374,
                    282.85714285714283
                ],
                [
                    393.4761904761905,
                    358.0952380952381
                ],
                [
                    330.6190476190476,
                    585.7142857142857
                ],
                [
                    320.1428571428571,
                    589.5238095238095
                ],
                [
                    301.0952380952381,
                    584.7619047619047
                ],
                [
                    31.571428571428555,
                    483.8095238095238
                ],
                [
                    18.23809523809524,
                    478.0952380952381
                ]
            ],
            "shape_type": "polygon",
            "flags": {}
        }
    ],
    "lineColor": [
        0,
        255,
        0,
        128
    ],
    "fillColor": [
        255,
        0,
        0,
        128
    ],
    "imagePath": "10066.jpg",
    "imageData": "",
    "imageHeight": 640,
    "imageWidth": 480
}