{
    "version": "3.21.1",
    "flags": {},
    "shapes": [
        {
            "label": "student_id",
            "line_color": null,
            "fill_color": null,
            "points": [
                [
                    2.047619047619037,
                    283.8095238095238
                ],
                [
                    155.38095238095235,
                    206.66666666666666
                ],
                [
                    176.78313253012047,
                    195.18072289156626
                ],
                [
                    178.59036144578312,
                    201.80722891566262
                ],
                [
                    187.02409638554212,
                    198.79518072289156
                ],
                [
                    189.433734939759,
                    193.97590361445782
                ],
                [
                    193.6506024096385,
                    195.18072289156626
                ],
                [
                    200.2771084337349,
                    195.18072289156626
                ],
                [
                    200.2771084337349,
                    190.96385542168673
                ],
                [
                    198.46987951807228,
                    185.5421686746988
                ],
                [
                    220.75903614457826,
                    172.89156626506022
                ],
                [
                    287.62650602409633,
                    139.7590361445783
                ],
                [
                    303.289156626506,
                    130.12048192771084
                ],
                [
                    311.72289156626505,
                    129.5180722891566
                ],
                [
                    318.95180722891564,
                    133.73493975903614
                ],
                [
                    452.0843373493975,
                    275.9036144578313
                ],
                [
                    452.6867469879518,
                    281.32530120481925
                ],
                [
                    450.27710843373495,
                    286.7469879518072
                ],
                [
                    331.6024096385542,
                    369.8795180722891
                ],
                [
                    327.98795180722885,
                    361.4457831325301
                ],
                [
                    323.16867469879514,
                    360.8433734939759
                ],
                [
                    315.93975903614455,
                    363.855421686747
                ],
                [
                    313.53012048192767,
                    363.855421686747
                ],
                [
                    312.32530120481925,
                    361.4457831325301
                ],
                [
                    310.5180722891566,
                    371.6867469879518
                ],
                [
                    313.53012048192767,
                    378.91566265060237
                ],
                [
                    310.5180722891566,
                    383.73493975903614
                ],
                [
                    306.9036144578313,
                    386.14457831325296
                ],
                [
                    298.4698795180723,
                    372.289156626506
                ],
                [
                    298.4698795180723,
                    363.855421686747
                ],
                [
                    292.4457831325301,
                    364.4578313253012
                ],
                [
                    287.0240963855421,
                    372.289156626506
                ],
                [
                    286.4216867469879,
                    376.5060240963855
                ],
                [
                    291.8433734939759,
                    379.5180722891566
                ],
                [
                    299.6746987951807,
                    383.73493975903614
                ],
                [
                    302.0843373493976,
                    387.34939759036143
                ],
                [
                    288.2289156626506,
                    384.33734939759034
                ],
                [
                    280.99999999999994,
                    384.33734939759034
                ],
                [
                    276.78313253012044,
                    389.75903614457826
                ],
                [
                    275.578313253012,
                    395.78313253012044
                ],
                [
                    282.2048192771084,
                    401.8072289156626
                ],
                [
                    140.03614457831324,
                    503.61445783132524
                ],
                [
                    129.19277108433732,
                    509.0361445783132
                ],
                [
                    123.16867469879517,
                    509.0361445783132
                ],
                [
                    117.14457831325299,
                    504.8192771084337
                ],
                [
                    41.24096385542168,
                    372.8915662650602
                ],
                [
                    0,
                    302
                ]
            ],
            "shape_type": "polygon",
            "flags": {}
        }
    ],
    "lineColor": [
        0,
        255,
        0,
        128
    ],
    "fillColor": [
        255,
        0,
        0,
        128
    ],
    "imagePath": "10060.jpg",
    "imageData": "",
    "imageHeight": 640,
    "imageWidth": 480
}