{
    "version": "3.21.1",
    "flags": {},
    "shapes": [
        {
            "label": "student_id",
            "line_color": null,
            "fill_color": null,
            "points": [
                [
                    57.28571428571428,
                    94.28571428571428
                ],
                [
                    60.14285714285714,
                    84.28571428571428
                ],
                [
                    70.85714285714285,
                    76.42857142857142
                ],
                [
                    584.4285714285713,
                    92.85714285714285
                ],
                [
                    591.5714285714286,
                    97.85714285714285
                ],
                [
                    590.8571428571428,
                    157.14285714285714
                ],
                [
                    585.8571428571428,
                    452.1428571428571
                ],
                [
                    582.9999999999999,
                    464.2857142857142
                ],
                [
                    575.1428571428571,
                    467.1428571428571
                ],
                [
                    562.2857142857142,
                    469.99999999999994
                ],
                [
                    185.85714285714283,
                    424.99999999999994
                ],
                [
                    23.714285714285708,
                    404.2857142857142
                ],
                [
                    13.714285714285708,
                    401.4285714285714
                ],
                [
                    12.285714285714278,
                    394.99999999999994
                ]
            ],
            "shape_type": "polygon",
            "flags": {}
        }
    ],
    "lineColor": [
        0,
        255,
        0,
        128
    ],
    "fillColor": [
        255,
        0,
        0,
        128
    ],
    "imagePath": "10069.jpg",
    "imageData": "",
    "imageHeight": 480,
    "imageWidth": 640
}