{
    "version": "3.21.1",
    "flags": {},
    "shapes": [
        {
            "label": "student_id",
            "line_color": null,
            "fill_color": null,
            "points": [
                [
                    29.66666666666663,
                    300.0
                ],
                [
                    37.28571428571428,
                    294.2857142857143
                ],
                [
                    443.0,
                    277.1428571428571
                ],
                [
                    453.4761904761905,
                    280.0
                ],
                [
                    458.2380952380952,
                    294.2857142857143
                ],
                [
                    427.7619047619047,
                    490.4761904761905
                ],
                [
                    418.2380952380952,
                    494.2857142857143
                ],
                [
                    73.47619047619048,
                    510.4761904761905
                ],
                [
                    64.90476190476187,
                    509.5238095238095
                ]
            ],
            "shape_type": "polygon",
            "flags": {}
        }
    ],
    "lineColor": [
        0,
        255,
        0,
        128
    ],
    "fillColor": [
        255,
        0,
        0,
        128
    ],
    "imagePath": "10065.jpg",
    "imageData": "",
    "imageHeight": 640,
    "imageWidth": 480
}