{
    "version": "3.21.1",
    "flags": {},
    "shapes": [
        {
            "label": "student_id",
            "line_color": null,
            "fill_color": null,
            "points": [
                [
                    46.809523809523796,
                    339.04761904761904
                ],
                [
                    49.66666666666663,
                    329.5238095238095
                ],
                [
                    62.04761904761904,
                    326.66666666666663
                ],
                [
                    430.6190476190476,
                    331.4285714285714
                ],
                [
                    439.19047619047615,
                    333.3333333333333
                ],
                [
                    443.0,
                    353.3333333333333
                ],
                [
                    464.9047619047619,
                    586.6666666666666
                ],
                [
                    458.2380952380952,
                    592.3809523809524
                ],
                [
                    88.71428571428572,
                    600.0
                ],
                [
                    44.90476190476187,
                    599.047619047619
                ],
                [
                    33.47619047619048,
                    595.2380952380952
                ],
                [
                    29.66666666666663,
                    583.8095238095237
                ]
            ],
            "shape_type": "polygon",
            "flags": {}
        },
        {
            "label": "student_id",
            "line_color": null,
            "fill_color": null,
            "points": [
                [
                    13.476190476190482,
                    233.33333333333331
                ],
                [
                    268.71428571428567,
                    25.71428571428571
                ],
                [
                    277.2857142857142,
                    23.80952380952381
                ],
                [
                    363.95238095238096,
                    95.23809523809524
                ],
                [
                    432.5238095238095,
                    155.23809523809524
                ],
                [
                    432.5238095238095,
                    162.85714285714286
                ],
                [
                    267.7619047619047,
                    323.8095238095238
                ],
                [
                    88.71428571428572,
                    320.95238095238096
                ],
                [
                    19.190476190476204,
                    247.61904761904762
                ]
            ],
            "shape_type": "polygon",
            "flags": {}
        }
    ],
    "lineColor": [
        0,
        255,
        0,
        128
    ],
    "fillColor": [
        255,
        0,
        0,
        128
    ],
    "imagePath": "10061.jpg",
    "imageData": "",
    "imageHeight": 640,
    "imageWidth": 480
}