{
    "version": "3.21.1",
    "flags": {},
    "shapes": [
        {
            "label": "student_id",
            "line_color": null,
            "fill_color": null,
            "points": [
                [
                    102.28571428571428,
                    179.99999999999997
                ],
                [
                    135.85714285714283,
                    70.0
                ],
                [
                    142.99999999999997,
                    54.28571428571428
                ],
                [
                    147.99999999999997,
                    49.99999999999999
                ],
                [
                    184.42857142857142,
                    53.57142857142857
                ],
                [
                    192.99999999999997,
                    57.857142857142854
                ],
                [
                    205.85714285714283,
                    62.857142857142854
                ],
                [
                    223.0,
                    66.42857142857142
                ],
                [
                    235.85714285714283,
                    66.42857142857142
                ],
                [
                    243.71428571428567,
                    64.28571428571428
                ],
                [
                    249.4285714285714,
                    60.71428571428571
                ],
                [
                    265.1428571428571,
                    62.857142857142854
                ],
                [
                    480.1428571428571,
                    89.99999999999999
                ],
                [
                    605.8571428571428,
                    109.99999999999999
                ],
                [
                    610.1428571428571,
                    117.14285714285714
                ],
                [
                    609.4285714285713,
                    131.42857142857142
                ],
                [
                    543.0,
                    438.57142857142856
                ],
                [
                    535.1428571428571,
                    442.1428571428571
                ],
                [
                    513.7142857142857,
                    438.57142857142856
                ],
                [
                    341.57142857142856,
                    388.57142857142856
                ],
                [
                    202.28571428571425,
                    342.85714285714283
                ],
                [
                    93.7142857142857,
                    282.1428571428571
                ],
                [
                    92.28571428571428,
                    290.71428571428567
                ],
                [
                    157.28571428571428,
                    329.99999999999994
                ],
                [
                    118.7142857142857,
                    318.57142857142856
                ],
                [
                    104.42857142857142,
                    313.57142857142856
                ],
                [
                    95.14285714285714,
                    306.4285714285714
                ],
                [
                    91.57142857142856,
                    299.2857142857143
                ],
                [
                    95.85714285714283,
                    282.1428571428571
                ],
                [
                    93.7142857142857,
                    261.4285714285714
                ],
                [
                    93.0,
                    245.7142857142857
                ],
                [
                    93.0,
                    229.28571428571428
                ],
                [
                    97.28571428571428,
                    213.57142857142856
                ],
                [
                    98.7142857142857,
                    200.7142857142857
                ]
            ],
            "shape_type": "polygon",
            "flags": {}
        }
    ],
    "lineColor": [
        0,
        255,
        0,
        128
    ],
    "fillColor": [
        255,
        0,
        0,
        128
    ],
    "imagePath": "10063.jpg",
    "imageData": "",
    "imageHeight": 480,
    "imageWidth": 640
}