{
    "version": "3.21.1",
    "flags": {},
    "shapes": [
        {
            "label": "student_id",
            "line_color": null,
            "fill_color": null,
            "points": [
                [
                    62.04761904761904,
                    185.7142857142857
                ],
                [
                    69.66666666666663,
                    179.04761904761904
                ],
                [
                    166.8095238095238,
                    178.09523809523807
                ],
                [
                    408.71428571428567,
                    179.04761904761904
                ],
                [
                    414.42857142857144,
                    190.47619047619048
                ],
                [
                    432.5238095238095,
                    391.4285714285714
                ],
                [
                    426.80952380952374,
                    397.1428571428571
                ],
                [
                    100.14285714285711,
                    406.66666666666663
                ],
                [
                    67.76190476190476,
                    407.6190476190476
                ],
                [
                    57.28571428571428,
                    402.85714285714283
                ],
                [
                    56.333333333333314,
                    391.4285714285714
                ]
            ],
            "shape_type": "polygon",
            "flags": {}
        }
    ],
    "lineColor": [
        0,
        255,
        0,
        128
    ],
    "fillColor": [
        255,
        0,
        0,
        128
    ],
    "imagePath": "10064.jpg",
    "imageData": "",
    "imageHeight": 640,
    "imageWidth": 480
}