{
    "version": "3.21.1",
    "flags": {},
    "shapes": [
        {
            "label": "student_id",
            "line_color": null,
            "fill_color": null,
            "points": [
                [
                    93.30769230769226,
                    234.46153846153845
                ],
                [
                    96.38461538461536,
                    217.53846153846152
                ],
                [
                    110.23076923076917,
                    211.3846153846154
                ],
                [
                    594.8461538461538,
                    239.07692307692307
                ],
                [
                    610.2307692307693,
                    243.69230769230768
                ],
                [
                    611.7692307692307,
                    256.0
                ],
                [
                    556.3846153846154,
                    512.9230769230769
                ],
                [
                    124.0769230769231,
                    543.6923076923076
                ],
                [
                    110.23076923076917,
                    539.0769230769231
                ],
                [
                    108.69230769230762,
                    496.0
                ]
            ],
            "shape_type": "polygon",
            "flags": {}
        },
        {
            "label": "student_id",
            "line_color": null,
            "fill_color": null,
            "points": [
                [
                    231.76923076923072,
                    536.0
                ],
                [
                    681.0,
                    643.6923076923076
                ],
                [
                    688.6923076923076,
                    649.8461538461538
                ],
                [
                    745.6153846153845,
                    951.3846153846154
                ],
                [
                    739.4615384615383,
                    960.6153846153845
                ],
                [
                    476.38461538461536,
                    908.3076923076923
                ],
                [
                    154.8461538461538,
                    843.6923076923076
                ],
                [
                    130.23076923076917,
                    837.5384615384615
                ],
                [
                    114.84615384615381,
                    828.3076923076923
                ],
                [
                    116.38461538461536,
                    812.9230769230769
                ],
                [
                    204.0769230769231,
                    579.0769230769231
                ],
                [
                    213.30769230769226,
                    554.4615384615385
                ]
            ],
            "shape_type": "polygon",
            "flags": {}
        }
    ],
    "lineColor": [
        0,
        255,
        0,
        128
    ],
    "fillColor": [
        255,
        0,
        0,
        128
    ],
    "imagePath": "10079.jpg",
    "imageData": "",
    "imageHeight": 1024,
    "imageWidth": 768
}