{
    "version": "3.21.1",
    "flags": {},
    "shapes": [
        {
            "label": "student_id",
            "line_color": null,
            "fill_color": null,
            "points": [
                [
                    39.58620689655173,
                    395.7011494252874
                ],
                [
                    277.51724137931035,
                    46.275862068965516
                ],
                [
                    283.264367816092,
                    46.275862068965516
                ],
                [
                    500.50574712643675,
                    168.11494252873564
                ],
                [
                    447.63218390804593,
                    262.367816091954
                ],
                [
                    312.0,
                    291.1034482758621
                ],
                [
                    308.55172413793105,
                    303.7471264367816
                ],
                [
                    338.4367816091954,
                    449.7241379310345
                ],
                [
                    284.41379310344826,
                    540.528735632184
                ],
                [
                    271.7701149425287,
                    545.1264367816092
                ],
                [
                    257.97701149425285,
                    539.3793103448276
                ],
                [
                    45.33333333333334,
                    415.2413793103448
                ]
            ],
            "shape_type": "polygon",
            "flags": {}
        },
        {
            "label": "student_id",
            "line_color": null,
            "fill_color": null,
            "points": [
                [
                    307.4022988505747,
                    296.85057471264366
                ],
                [
                    447.63218390804593,
                    263.51724137931035
                ],
                [
                    567.1724137931035,
                    238.22988505747128
                ],
                [
                    576.3678160919541,
                    240.5287356321839
                ],
                [
                    583.264367816092,
                    248.57471264367817
                ],
                [
                    630.3908045977012,
                    446.2758620689655
                ],
                [
                    685.5632183908046,
                    677.3103448275862
                ],
                [
                    675.2183908045977,
                    685.3563218390805
                ],
                [
                    398.2068965517241,
                    747.4252873563219
                ],
                [
                    391.3103448275862,
                    741.6781609195402
                ],
                [
                    339.58620689655174,
                    448.57471264367814
                ]
            ],
            "shape_type": "polygon",
            "flags": {}
        },
        {
            "label": "student_id",
            "line_color": null,
            "fill_color": null,
            "points": [
                [
                    478.66666666666663,
                    226.73563218390805
                ],
                [
                    631.5402298850574,
                    43.97701149425287
                ],
                [
                    646.4827586206897,
                    37.08045977011494
                ],
                [
                    660.2758620689655,
                    42.827586206896555
                ],
                [
                    987.8620689655172,
                    279.60919540229884
                ],
                [
                    992.4597701149426,
                    289.95402298850576
                ],
                [
                    838.4367816091955,
                    503.7471264367816
                ],
                [
                    826.9425287356322,
                    504.8965517241379
                ],
                [
                    809.7011494252873,
                    492.2528735632184
                ],
                [
                    692.4597701149426,
                    400.2988505747127
                ],
                [
                    607.4022988505748,
                    333.632183908046
                ],
                [
                    582.1149425287356,
                    241.67816091954023
                ],
                [
                    559.1264367816092,
                    238.22988505747128
                ],
                [
                    502.8045977011494,
                    253.17241379310346
                ],
                [
                    485.56321839080465,
                    237.08045977011494
                ]
            ],
            "shape_type": "polygon",
            "flags": {}
        }
    ],
    "lineColor": [
        0,
        255,
        0,
        128
    ],
    "fillColor": [
        255,
        0,
        0,
        128
    ],
    "imagePath": "10078.jpg",
    "imageData": "",
    "imageHeight": 768,
    "imageWidth": 1024
}