{
    "version": "3.21.1",
    "flags": {},
    "shapes": [
        {
            "label": "student_id",
            "line_color": null,
            "fill_color": null,
            "points": [
                [
                    275.99999999999994,
                    351.7857142857143
                ],
                [
                    277.7857142857143,
                    344.6428571428571
                ],
                [
                    284.9285714285714,
                    339.2857142857143
                ],
                [
                    712.6071428571428,
                    413.3928571428571
                ],
                [
                    715.2857142857142,
                    423.21428571428567
                ],
                [
                    674.2142857142857,
                    681.2499999999999
                ],
                [
                    668.8571428571428,
                    688.3928571428571
                ],
                [
                    659.9285714285713,
                    691.9642857142857
                ],
                [
                    329.57142857142856,
                    631.2499999999999
                ],
                [
                    248.32142857142856,
                    618.7499999999999
                ],
                [
                    234.9285714285714,
                    613.3928571428571
                ],
                [
                    233.1428571428571,
                    605.3571428571428
                ]
            ],
            "shape_type": "polygon",
            "flags": {}
        },
        {
            "label": "student_id",
            "line_color": null,
            "fill_color": null,
            "points": [
                [
                    209.9285714285714,
                    657.1428571428571
                ],
                [
                    216.1785714285714,
                    649.1071428571428
                ],
                [
                    647.4285714285713,
                    694.6428571428571
                ],
                [
                    652.7857142857142,
                    702.6785714285713
                ],
                [
                    651.8928571428571,
                    720.5357142857142
                ],
                [
                    629.5714285714286,
                    981.2499999999999
                ],
                [
                    618.8571428571428,
                    983.9285714285713
                ],
                [
                    191.1785714285714,
                    934.8214285714284
                ],
                [
                    180.4642857142857,
                    933.9285714285713
                ],
                [
                    177.78571428571425,
                    922.3214285714284
                ]
            ],
            "shape_type": "polygon",
            "flags": {}
        },
        {
            "label": "student_id",
            "line_color": null,
            "fill_color": null,
            "points": [
                [
                    3.6785714285714164,
                    424.99999999999994
                ],
                [
                    3.6785714285714164,
                    418.74999999999994
                ],
                [
                    210.82142857142856,
                    41.96428571428571
                ],
                [
                    221.53571428571428,
                    37.49999999999999
                ],
                [
                    454.57142857142856,
                    161.60714285714283
                ],
                [
                    457.25,
                    170.53571428571428
                ],
                [
                    445.6428571428571,
                    193.74999999999997
                ],
                [
                    359.9285714285714,
                    348.21428571428567
                ],
                [
                    280.46428571428567,
                    336.60714285714283
                ],
                [
                    274.21428571428567,
                    348.21428571428567
                ],
                [
                    239.3928571428571,
                    558.0357142857142
                ],
                [
                    231.35714285714283,
                    557.1428571428571
                ]
            ],
            "shape_type": "polygon",
            "flags": {}
        },
        {
            "label": "student_id",
            "line_color": null,
            "fill_color": null,
            "points": [
                [
                    397.4285714285714,
                    128.57142857142856
                ],
                [
                    546.5357142857142,
                    37.49999999999999
                ],
                [
                    552.7857142857142,
                    35.71428571428571
                ],
                [
                    563.4999999999999,
                    48.21428571428571
                ],
                [
                    701.8928571428571,
                    257.1428571428571
                ],
                [
                    701.8928571428571,
                    272.32142857142856
                ],
                [
                    527.7857142857142,
                    383.0357142857143
                ],
                [
                    362.60714285714283,
                    349.99999999999994
                ],
                [
                    460.82142857142856,
                    170.53571428571428
                ],
                [
                    459.92857142857133,
                    160.7142857142857
                ]
            ],
            "shape_type": "polygon",
            "flags": {}
        }
    ],
    "lineColor": [
        0,
        255,
        0,
        128
    ],
    "fillColor": [
        255,
        0,
        0,
        128
    ],
    "imagePath": "10071.jpg",
    "imageData": "",
    "imageHeight": 1024,
    "imageWidth": 768
}