{
    "version": "3.21.1",
    "flags": {},
    "shapes": [
        {
            "label": "student_id",
            "line_color": null,
            "fill_color": null,
            "points": [
                [
                    25.615384615384585,
                    305.2307692307692
                ],
                [
                    736.3846153846152,
                    469.8461538461538
                ],
                [
                    751.7692307692307,
                    477.53846153846155
                ],
                [
                    745.6153846153845,
                    492.9230769230769
                ],
                [
                    585.6153846153845,
                    717.5384615384615
                ],
                [
                    90.23076923076923,
                    617.5384615384615
                ],
                [
                    54.84615384615381,
                    611.3846153846154
                ],
                [
                    44.07692307692304,
                    599.0769230769231
                ],
                [
                    17.923076923076906,
                    320.6153846153846
                ]
            ],
            "shape_type": "polygon",
            "flags": {}
        }
    ],
    "lineColor": [
        0,
        255,
        0,
        128
    ],
    "fillColor": [
        255,
        0,
        0,
        128
    ],
    "imagePath": "10073.jpg",
    "imageData": "",
    "imageHeight": 1024,
    "imageWidth": 768
}