{
    "version": "3.21.1",
    "flags": {},
    "shapes": [
        {
            "label": "student_id",
            "line_color": null,
            "fill_color": null,
            "points": [
                [
                    136.13793103448276,
                    85.35632183908046
                ],
                [
                    416.5977011494253,
                    95.70114942528735
                ],
                [
                    446.48275862068965,
                    94.55172413793103
                ],
                [
                    472.9195402298851,
                    102.59770114942529
                ],
                [
                    472.9195402298851,
                    154.32183908045977
                ],
                [
                    463.72413793103453,
                    448.57471264367814
                ],
                [
                    457.9770114942529,
                    564.6666666666666
                ],
                [
                    459.1264367816092,
                    616.3908045977012
                ],
                [
                    453.37931034482756,
                    633.6321839080459
                ],
                [
                    429.2413793103449,
                    637.080459770115
                ],
                [
                    346.48275862068965,
                    639.3793103448276
                ],
                [
                    184.41379310344826,
                    638.2298850574713
                ],
                [
                    132.6896551724138,
                    638.2298850574713
                ],
                [
                    113.14942528735634,
                    633.6321839080459
                ],
                [
                    106.2528735632184,
                    619.8390804597701
                ],
                [
                    122.34482758620689,
                    269.264367816092
                ],
                [
                    130.39080459770116,
                    103.74712643678161
                ]
            ],
            "shape_type": "polygon",
            "flags": {}
        },
        {
            "label": "student_id",
            "line_color": null,
            "fill_color": null,
            "points": [
                [
                    474.0689655172414,
                    187.6551724137931
                ],
                [
                    613.1494252873563,
                    65.816091954023
                ],
                [
                    625.7931034482758,
                    63.51724137931035
                ],
                [
                    639.5862068965517,
                    69.26436781609195
                ],
                [
                    669.471264367816,
                    101.44827586206897
                ],
                [
                    838.4367816091955,
                    300.2988505747126
                ],
                [
                    959.1264367816093,
                    431.3333333333333
                ],
                [
                    963.7241379310344,
                    448.57471264367814
                ],
                [
                    951.0804597701149,
                    466.9655172413793
                ],
                [
                    738.4367816091954,
                    672.7126436781609
                ],
                [
                    724.6436781609195,
                    675.0114942528736
                ],
                [
                    467.1724137931035,
                    369.264367816092
                ]
            ],
            "shape_type": "polygon",
            "flags": {}
        }
    ],
    "lineColor": [
        0,
        255,
        0,
        128
    ],
    "fillColor": [
        255,
        0,
        0,
        128
    ],
    "imagePath": "10076.jpg",
    "imageData": "",
    "imageHeight": 768,
    "imageWidth": 1024
}