{
    "version": "3.21.1",
    "flags": {},
    "shapes": [
        {
            "label": "student_id",
            "line_color": null,
            "fill_color": null,
            "points": [
                [
                    61.095238095238074,
                    76.19047619047619
                ],
                [
                    64.90476190476187,
                    68.57142857142857
                ],
                [
                    378.2380952380952,
                    58.095238095238095
                ],
                [
                    389.66666666666663,
                    61.904761904761905
                ],
                [
                    393.4761904761905,
                    79.04761904761905
                ],
                [
                    409.66666666666663,
                    573.3333333333333
                ],
                [
                    403.95238095238096,
                    584.7619047619047
                ],
                [
                    395.3809523809524,
                    590.4761904761905
                ],
                [
                    88.71428571428572,
                    596.1904761904761
                ],
                [
                    74.42857142857139,
                    595.2380952380952
                ],
                [
                    66.8095238095238,
                    586.6666666666666
                ],
                [
                    61.095238095238074,
                    234.28571428571428
                ]
            ],
            "shape_type": "polygon",
            "flags": {}
        }
    ],
    "lineColor": [
        0,
        255,
        0,
        128
    ],
    "fillColor": [
        255,
        0,
        0,
        128
    ],
    "imagePath": "10075.jpg",
    "imageData": "",
    "imageHeight": 640,
    "imageWidth": 480
}