{
    "version": "3.21.1",
    "flags": {},
    "shapes": [
        {
            "label": "student_id",
            "line_color": null,
            "fill_color": null,
            "points": [
                [
                    39.190476190476204,
                    161.9047619047619
                ],
                [
                    419.19047619047615,
                    180.95238095238093
                ],
                [
                    429.66666666666663,
                    183.8095238095238
                ],
                [
                    433.4761904761905,
                    191.42857142857142
                ],
                [
                    443.95238095238096,
                    439.04761904761904
                ],
                [
                    436.33333333333326,
                    440.9523809523809
                ],
                [
                    372.5238095238095,
                    437.1428571428571
                ],
                [
                    202.04761904761904,
                    426.66666666666663
                ],
                [
                    56.333333333333314,
                    422.85714285714283
                ],
                [
                    24.90476190476187,
                    419.04761904761904
                ],
                [
                    8.714285714285722,
                    417.1428571428571
                ],
                [
                    4.90476190476187,
                    405.7142857142857
                ],
                [
                    28.714285714285722,
                    220.0
                ],
                [
                    32.52380952380952,
                    187.61904761904762
                ]
            ],
            "shape_type": "polygon",
            "flags": {}
        }
    ],
    "lineColor": [
        0,
        255,
        0,
        128
    ],
    "fillColor": [
        255,
        0,
        0,
        128
    ],
    "imagePath": "10077.jpg",
    "imageData": "",
    "imageHeight": 640,
    "imageWidth": 480
}