{
    "version": "3.21.1",
    "flags": {},
    "shapes": [
        {
            "label": "student_id",
            "line_color": null,
            "fill_color": null,
            "points": [
                [
                    68.71428571428572,
                    27.619047619047617
                ],
                [
                    406.80952380952374,
                    6.666666666666666
                ],
                [
                    415.3809523809524,
                    11.428571428571429
                ],
                [
                    422.04761904761904,
                    25.71428571428571
                ],
                [
                    435.3809523809524,
                    338.0952380952381
                ],
                [
                    443.0,
                    541.9047619047619
                ],
                [
                    443.0,
                    590.4761904761905
                ],
                [
                    440.1428571428571,
                    607.6190476190476
                ],
                [
                    426.80952380952374,
                    612.3809523809524
                ],
                [
                    217.28571428571428,
                    614.2857142857142
                ],
                [
                    119.19047619047615,
                    616.1904761904761
                ],
                [
                    82.04761904761904,
                    618.0952380952381
                ],
                [
                    66.8095238095238,
                    608.5714285714286
                ],
                [
                    58.23809523809524,
                    300.95238095238096
                ],
                [
                    58.23809523809524,
                    91.42857142857143
                ],
                [
                    58.23809523809524,
                    47.61904761904762
                ],
                [
                    59.190476190476204,
                    33.33333333333333
                ]
            ],
            "shape_type": "polygon",
            "flags": {}
        }
    ],
    "lineColor": [
        0,
        255,
        0,
        128
    ],
    "fillColor": [
        255,
        0,
        0,
        128
    ],
    "imagePath": "10074.jpg",
    "imageData": "",
    "imageHeight": 640,
    "imageWidth": 480
}