{
    "version": "3.21.1",
    "flags": {},
    "shapes": [
        {
            "label": "student_id",
            "line_color": null,
            "fill_color": null,
            "points": [
                [
                    222.4285714285714,
                    395.5357142857142
                ],
                [
                    625.9999999999999,
                    264.2857142857143
                ],
                [
                    640.2857142857142,
                    264.2857142857143
                ],
                [
                    645.6428571428571,
                    272.32142857142856
                ],
                [
                    734.9285714285713,
                    511.60714285714283
                ],
                [
                    731.3571428571428,
                    524.1071428571428
                ],
                [
                    699.2142857142857,
                    537.5
                ],
                [
                    337.60714285714283,
                    665.1785714285713
                ],
                [
                    322.4285714285714,
                    668.7499999999999
                ],
                [
                    312.60714285714283,
                    667.8571428571428
                ],
                [
                    224.21428571428567,
                    408.9285714285714
                ]
            ],
            "shape_type": "polygon",
            "flags": {}
        },
        {
            "label": "student_id",
            "line_color": null,
            "fill_color": null,
            "points": [
                [
                    233.1428571428571,
                    544.6428571428571
                ],
                [
                    271.5357142857143,
                    546.4285714285713
                ],
                [
                    306.35714285714283,
                    660.7142857142857
                ],
                [
                    311.71428571428567,
                    674.1071428571428
                ],
                [
                    334.0357142857142,
                    670.5357142857142
                ],
                [
                    624.2142857142857,
                    565.1785714285713
                ],
                [
                    668.8571428571428,
                    568.75
                ],
                [
                    677.7857142857142,
                    573.2142857142857
                ],
                [
                    677.7857142857142,
                    616.0714285714286
                ],
                [
                    675.9999999999999,
                    857.1428571428571
                ],
                [
                    672.4285714285713,
                    861.6071428571428
                ],
                [
                    267.07142857142856,
                    847.3214285714284
                ],
                [
                    225.99999999999994,
                    844.6428571428571
                ],
                [
                    214.3928571428571,
                    842.8571428571428
                ],
                [
                    207.25,
                    834.8214285714284
                ],
                [
                    229.57142857142856,
                    557.1428571428571
                ]
            ],
            "shape_type": "polygon",
            "flags": {}
        },
        {
            "label": "student_id",
            "line_color": null,
            "fill_color": null,
            "points": [
                [
                    1.8928571428571388,
                    541.0714285714286
                ],
                [
                    161.7142857142857,
                    140.17857142857142
                ],
                [
                    167.9642857142857,
                    135.7142857142857
                ],
                [
                    178.67857142857142,
                    135.7142857142857
                ],
                [
                    203.6785714285714,
                    144.64285714285714
                ],
                [
                    410.8214285714285,
                    214.28571428571428
                ],
                [
                    418.85714285714283,
                    224.10714285714283
                ],
                [
                    413.49999999999994,
                    243.74999999999997
                ],
                [
                    375.10714285714283,
                    341.96428571428567
                ],
                [
                    221.53571428571428,
                    394.6428571428571
                ],
                [
                    217.96428571428567,
                    400.8928571428571
                ],
                [
                    270.6428571428571,
                    544.6428571428571
                ],
                [
                    231.35714285714283,
                    538.3928571428571
                ],
                [
                    227.78571428571428,
                    557.1428571428571
                ],
                [
                    222.4285714285714,
                    634.8214285714286
                ]
            ],
            "shape_type": "polygon",
            "flags": {}
        }
    ],
    "lineColor": [
        0,
        255,
        0,
        128
    ],
    "fillColor": [
        255,
        0,
        0,
        128
    ],
    "imagePath": "10072.jpg",
    "imageData": "",
    "imageHeight": 1024,
    "imageWidth": 768
}