{
    "version": "3.21.1",
    "flags": {},
    "shapes": [
        {
            "label": "student_id",
            "line_color": null,
            "fill_color": null,
            "points": [
                [
                    48.71428571428572,
                    217.14285714285714
                ],
                [
                    54.42857142857139,
                    205.7142857142857
                ],
                [
                    436.33333333333326,
                    203.8095238095238
                ],
                [
                    444.9047619047619,
                    209.52380952380952
                ],
                [
                    448.71428571428567,
                    449.5238095238095
                ],
                [
                    439.19047619047615,
                    456.19047619047615
                ],
                [
                    57.28571428571428,
                    456.19047619047615
                ],
                [
                    47.76190476190476,
                    450.4761904761905
                ],
                [
                    45.85714285714283,
                    440.9523809523809
                ]
            ],
            "shape_type": "polygon",
            "flags": {}
        }
    ],
    "lineColor": [
        0,
        255,
        0,
        128
    ],
    "fillColor": [
        255,
        0,
        0,
        128
    ],
    "imagePath": "10070.jpg",
    "imageData": "",
    "imageHeight": 640,
    "imageWidth": 480
}