{
    "version": "3.21.1",
    "flags": {},
    "shapes": [
        {
            "label": "student_id",
            "line_color": null,
            "fill_color": null,
            "points": [
                [
                    108.5797101449275,
                    330.4347826086956
                ],
                [
                    209.30434782608694,
                    167.39130434782606
                ],
                [
                    213.65217391304344,
                    166.66666666666666
                ],
                [
                    221.62318840579707,
                    168.1159420289855
                ],
                [
                    469.44927536231876,
                    334.78260869565213
                ],
                [
                    473.0724637681159,
                    341.30434782608694
                ],
                [
                    366.5507246376811,
                    497.8260869565217
                ],
                [
                    152.78260869565213,
                    362.3188405797101
                ]
            ],
            "shape_type": "polygon",
            "flags": {}
        },
        {
            "label": "student_id",
            "line_color": null,
            "fill_color": null,
            "points": [
                [
                    2.0579710144927503,
                    367.39130434782606
                ],
                [
                    141.91304347826087,
                    94.20289855072463
                ],
                [
                    147.7101449275362,
                    89.85507246376811
                ],
                [
                    161.4782608695652,
                    94.20289855072463
                ],
                [
                    319.4492753623188,
                    183.33333333333331
                ],
                [
                    303.50724637681157,
                    220.28985507246375
                ],
                [
                    220.89855072463763,
                    163.04347826086956
                ],
                [
                    215.1014492753623,
                    163.04347826086956
                ],
                [
                    211.4782608695652,
                    163.76811594202897
                ],
                [
                    105.68115942028984,
                    331.88405797101444
                ],
                [
                    110.02898550724635,
                    336.231884057971
                ],
                [
                    209.30434782608694,
                    399.27536231884056
                ],
                [
                    207.85507246376807,
                    405.0724637681159
                ],
                [
                    181.04347826086956,
                    457.2463768115942
                ],
                [
                    171.62318840579707,
                    456.52173913043475
                ],
                [
                    7.855072463768096,
                    376.8115942028985
                ]
            ],
            "shape_type": "polygon",
            "flags": {}
        }
    ],
    "lineColor": [
        0,
        255,
        0,
        128
    ],
    "fillColor": [
        255,
        0,
        0,
        128
    ],
    "imagePath": "10085.jpg",
    "imageData": "",
    "imageHeight": 640,
    "imageWidth": 480
}