{
    "version": "3.21.1",
    "flags": {},
    "shapes": [
        {
            "label": "student_id",
            "line_color": null,
            "fill_color": null,
            "points": [
                [
                    18.23809523809524,
                    228.57142857142856
                ],
                [
                    18.23809523809524,
                    217.14285714285714
                ],
                [
                    24.90476190476187,
                    210.47619047619045
                ],
                [
                    432.5238095238095,
                    195.23809523809524
                ],
                [
                    443.0,
                    201.9047619047619
                ],
                [
                    463.0,
                    449.5238095238095
                ],
                [
                    458.2380952380952,
                    456.19047619047615
                ],
                [
                    79.1904761904762,
                    481.90476190476187
                ],
                [
                    43.95238095238096,
                    484.76190476190476
                ],
                [
                    35.38095238095235,
                    484.76190476190476
                ],
                [
                    28.714285714285722,
                    478.0952380952381
                ],
                [
                    23.952380952380963,
                    465.7142857142857
                ]
            ],
            "shape_type": "polygon",
            "flags": {}
        }
    ],
    "lineColor": [
        0,
        255,
        0,
        128
    ],
    "fillColor": [
        255,
        0,
        0,
        128
    ],
    "imagePath": "10087.jpg",
    "imageData": "",
    "imageHeight": 640,
    "imageWidth": 480
}