{
    "version": "3.21.1",
    "flags": {},
    "shapes": [
        {
            "label": "student_id",
            "line_color": null,
            "fill_color": null,
            "points": [
                [
                    105.85714285714283,
                    93.33333333333333
                ],
                [
                    109.66666666666663,
                    85.71428571428571
                ],
                [
                    201.09523809523807,
                    80.95238095238095
                ],
                [
                    406.80952380952374,
                    69.52380952380952
                ],
                [
                    417.2857142857142,
                    72.38095238095238
                ],
                [
                    430.6190476190476,
                    316.1904761904762
                ],
                [
                    436.33333333333326,
                    491.4285714285714
                ],
                [
                    440.1428571428571,
                    567.6190476190476
                ],
                [
                    438.2380952380952,
                    579.047619047619
                ],
                [
                    426.80952380952374,
                    583.8095238095237
                ],
                [
                    268.71428571428567,
                    588.5714285714286
                ],
                [
                    161.09523809523807,
                    589.5238095238095
                ],
                [
                    136.33333333333331,
                    589.5238095238095
                ],
                [
                    123.95238095238096,
                    587.6190476190476
                ],
                [
                    118.23809523809524,
                    580.0
                ]
            ],
            "shape_type": "polygon",
            "flags": {}
        }
    ],
    "lineColor": [
        0,
        255,
        0,
        128
    ],
    "fillColor": [
        255,
        0,
        0,
        128
    ],
    "imagePath": "10081.jpg",
    "imageData": "",
    "imageHeight": 640,
    "imageWidth": 480
}