{
    "version": "3.21.1",
    "flags": {},
    "shapes": [
        {
            "label": "student_id",
            "line_color": null,
            "fill_color": null,
            "points": [
                [
                    31.57142857142857,
                    79.28571428571428
                ],
                [
                    36.57142857142857,
                    70.71428571428571
                ],
                [
                    45.85714285714285,
                    65.0
                ],
                [
                    599.4285714285713,
                    62.857142857142854
                ],
                [
                    608.7142857142857,
                    69.28571428571428
                ],
                [
                    612.2857142857142,
                    80.71428571428571
                ],
                [
                    631.5714285714286,
                    414.99999999999994
                ],
                [
                    625.8571428571428,
                    425.71428571428567
                ],
                [
                    605.8571428571428,
                    427.85714285714283
                ],
                [
                    55.85714285714285,
                    448.57142857142856
                ],
                [
                    44.428571428571416,
                    447.85714285714283
                ],
                [
                    33.71428571428571,
                    442.1428571428571
                ],
                [
                    27.999999999999986,
                    430.71428571428567
                ],
                [
                    28.714285714285708,
                    237.85714285714283
                ]
            ],
            "shape_type": "polygon",
            "flags": {}
        }
    ],
    "lineColor": [
        0,
        255,
        0,
        128
    ],
    "fillColor": [
        255,
        0,
        0,
        128
    ],
    "imagePath": "10080.jpg",
    "imageData": "",
    "imageHeight": 480,
    "imageWidth": 640
}