{
    "version": "3.21.1",
    "flags": {},
    "shapes": [
        {
            "label": "student_id",
            "line_color": null,
            "fill_color": null,
            "points": [
                [
                    10.142857142857139,
                    83.57142857142857
                ],
                [
                    10.857142857142854,
                    69.28571428571428
                ],
                [
                    16.57142857142857,
                    60.71428571428571
                ],
                [
                    36.57142857142857,
                    56.42857142857142
                ],
                [
                    571.5714285714286,
                    34.285714285714285
                ],
                [
                    590.1428571428571,
                    34.285714285714285
                ],
                [
                    600.8571428571428,
                    39.285714285714285
                ],
                [
                    602.2857142857142,
                    52.857142857142854
                ],
                [
                    602.2857142857142,
                    396.4285714285714
                ],
                [
                    587.2857142857142,
                    400.71428571428567
                ],
                [
                    90.14285714285714,
                    418.57142857142856
                ],
                [
                    60.14285714285714,
                    419.99999999999994
                ],
                [
                    47.28571428571428,
                    415.71428571428567
                ],
                [
                    37.999999999999986,
                    404.2857142857142
                ],
                [
                    32.28571428571428,
                    341.4285714285714
                ],
                [
                    13.714285714285708,
                    125.71428571428571
                ]
            ],
            "shape_type": "polygon",
            "flags": {}
        }
    ],
    "lineColor": [
        0,
        255,
        0,
        128
    ],
    "fillColor": [
        255,
        0,
        0,
        128
    ],
    "imagePath": "10083.jpg",
    "imageData": "",
    "imageHeight": 480,
    "imageWidth": 640
}