{
    "version": "3.21.1",
    "flags": {},
    "shapes": [
        {
            "label": "student_id",
            "line_color": null,
            "fill_color": null,
            "points": [
                [
                    21.095238095238074,
                    347.6190476190476
                ],
                [
                    106.8095238095238,
                    153.33333333333331
                ],
                [
                    114.42857142857139,
                    142.85714285714286
                ],
                [
                    138.23809523809524,
                    151.42857142857142
                ],
                [
                    451.57142857142856,
                    298.0952380952381
                ],
                [
                    455.3809523809523,
                    306.66666666666663
                ],
                [
                    357.2857142857142,
                    511.4285714285714
                ],
                [
                    139.19047619047615,
                    416.19047619047615
                ],
                [
                    27.76190476190476,
                    364.76190476190476
                ],
                [
                    20.14285714285711,
                    360.0
                ]
            ],
            "shape_type": "polygon",
            "flags": {}
        }
    ],
    "lineColor": [
        0,
        255,
        0,
        128
    ],
    "fillColor": [
        255,
        0,
        0,
        128
    ],
    "imagePath": "10086.jpg",
    "imageData": "",
    "imageHeight": 640,
    "imageWidth": 480
}