{
    "version": "3.21.1",
    "flags": {},
    "shapes": [
        {
            "label": "student_id",
            "line_color": null,
            "fill_color": null,
            "points": [
                [
                    92.28571428571428,
                    159.99999999999997
                ],
                [
                    236.57142857142856,
                    0.0
                ],
                [
                    256.57142857142856,
                    0.7142857142857142
                ],
                [
                    528.7142857142857,
                    239.28571428571425
                ],
                [
                    528.7142857142857,
                    247.1428571428571
                ],
                [
                    377.2857142857142,
                    418.57142857142856
                ],
                [
                    370.85714285714283,
                    418.57142857142856
                ],
                [
                    95.14285714285714,
                    172.14285714285714
                ]
            ],
            "shape_type": "polygon",
            "flags": {}
        }
    ],
    "lineColor": [
        0,
        255,
        0,
        128
    ],
    "fillColor": [
        255,
        0,
        0,
        128
    ],
    "imagePath": "10089.jpg",
    "imageData": "",
    "imageHeight": 480,
    "imageWidth": 640
}