{
    "version": "3.21.1",
    "flags": {},
    "shapes": [
        {
            "label": "student_id",
            "line_color": null,
            "fill_color": null,
            "points": [
                [
                    18.23809523809524,
                    214.28571428571428
                ],
                [
                    20.14285714285711,
                    200.95238095238093
                ],
                [
                    30.619047619047592,
                    197.14285714285714
                ],
                [
                    423.0,
                    198.09523809523807
                ],
                [
                    439.19047619047615,
                    200.0
                ],
                [
                    442.04761904761904,
                    209.52380952380952
                ],
                [
                    444.9047619047619,
                    459.04761904761904
                ],
                [
                    418.2380952380952,
                    460.9523809523809
                ],
                [
                    75.38095238095235,
                    469.5238095238095
                ],
                [
                    35.38095238095235,
                    469.5238095238095
                ],
                [
                    24.90476190476187,
                    466.66666666666663
                ],
                [
                    21.095238095238074,
                    459.04761904761904
                ]
            ],
            "shape_type": "polygon",
            "flags": {}
        }
    ],
    "lineColor": [
        0,
        255,
        0,
        128
    ],
    "fillColor": [
        255,
        0,
        0,
        128
    ],
    "imagePath": "10084.jpg",
    "imageData": "",
    "imageHeight": 640,
    "imageWidth": 480
}