{
    "version": "3.21.1",
    "flags": {},
    "shapes": [
        {
            "label": "student_id",
            "line_color": null,
            "fill_color": null,
            "points": [
                [
                    713.1494252873563,
                    317.5402298850575
                ],
                [
                    695.9080459770115,
                    178.45977011494253
                ],
                [
                    697.0574712643678,
                    165.816091954023
                ],
                [
                    702.8045977011494,
                    160.06896551724137
                ],
                [
                    947.632183908046,
                    129.0344827586207
                ],
                [
                    1017.7471264367816,
                    514.0919540229885
                ],
                [
                    1021.1954022988505,
                    569.264367816092
                ],
                [
                    780.9655172413793,
                    619.8390804597701
                ],
                [
                    766.0229885057471,
                    617.5402298850574
                ],
                [
                    759.1264367816092,
                    602.5977011494252
                ],
                [
                    741.8850574712644,
                    487.6551724137931
                ],
                [
                    799.3563218390805,
                    392.2528735632184
                ],
                [
                    803.9540229885057,
                    377.3103448275862
                ],
                [
                    795.9080459770115,
                    364.6666666666667
                ],
                [
                    779.816091954023,
                    354.32183908045977
                ]
            ],
            "shape_type": "polygon",
            "flags": {}
        },
        {
            "label": "student_id",
            "line_color": null,
            "fill_color": null,
            "points": [
                [
                    251.08045977011494,
                    371.5632183908046
                ],
                [
                    402.8045977011494,
                    131.33333333333334
                ],
                [
                    412.0,
                    131.33333333333334
                ],
                [
                    614.2988505747127,
                    257.7701149425287
                ],
                [
                    714.2988505747127,
                    318.6896551724138
                ],
                [
                    785.5632183908046,
                    358.91954022988506
                ],
                [
                    801.6551724137931,
                    371.5632183908046
                ],
                [
                    799.3563218390805,
                    392.2528735632184
                ],
                [
                    666.0229885057471,
                    616.3908045977012
                ],
                [
                    656.8275862068965,
                    625.5862068965517
                ],
                [
                    386.71264367816093,
                    463.51724137931035
                ],
                [
                    260.2758620689655,
                    387.6551724137931
                ]
            ],
            "shape_type": "polygon",
            "flags": {}
        },
        {
            "label": "student_id",
            "line_color": null,
            "fill_color": null,
            "points": [
                [
                    10.850574712643677,
                    309.4942528735632
                ],
                [
                    246.48275862068965,
                    191.10344827586206
                ],
                [
                    259.1264367816092,
                    187.6551724137931
                ],
                [
                    270.62068965517244,
                    186.50574712643677
                ],
                [
                    312.0,
                    271.5632183908046
                ],
                [
                    240.73563218390802,
                    372.71264367816093
                ],
                [
                    246.48275862068965,
                    387.6551724137931
                ],
                [
                    261.42528735632186,
                    400.2988505747127
                ],
                [
                    420.04597701149424,
                    493.4022988505747
                ],
                [
                    470.62068965517244,
                    610.6436781609195
                ],
                [
                    460.27586206896547,
                    622.1379310344828
                ],
                [
                    208.55172413793105,
                    739.3793103448276
                ],
                [
                    202.80459770114942,
                    737.080459770115
                ],
                [
                    14.298850574712645,
                    329.0344827586207
                ]
            ],
            "shape_type": "polygon",
            "flags": {}
        }
    ],
    "lineColor": [
        0,
        255,
        0,
        128
    ],
    "fillColor": [
        255,
        0,
        0,
        128
    ],
    "imagePath": "10088.jpg",
    "imageData": "",
    "imageHeight": 768,
    "imageWidth": 1024
}