{
    "version": "3.21.1",
    "flags": {},
    "shapes": [
        {
            "label": "student_id",
            "line_color": null,
            "fill_color": null,
            "points": [
                [
                    18.23809523809524,
                    174.28571428571428
                ],
                [
                    428.71428571428567,
                    145.7142857142857
                ],
                [
                    462.04761904761904,
                    141.9047619047619
                ],
                [
                    471.57142857142856,
                    149.52380952380952
                ],
                [
                    471.57142857142856,
                    184.76190476190476
                ],
                [
                    473.4761904761905,
                    406.66666666666663
                ],
                [
                    77.28571428571428,
                    467.6190476190476
                ],
                [
                    63.0,
                    467.6190476190476
                ],
                [
                    57.28571428571428,
                    457.1428571428571
                ],
                [
                    16.333333333333314,
                    215.23809523809524
                ],
                [
                    15.380952380952351,
                    197.14285714285714
                ]
            ],
            "shape_type": "polygon",
            "flags": {}
        }
    ],
    "lineColor": [
        0,
        255,
        0,
        128
    ],
    "fillColor": [
        255,
        0,
        0,
        128
    ],
    "imagePath": "10082.jpg",
    "imageData": "",
    "imageHeight": 640,
    "imageWidth": 480
}