{
    "version": "3.21.1",
    "flags": {},
    "shapes": [
        {
            "label": "student_id",
            "line_color": null,
            "fill_color": null,
            "points": [
                [
                    13.30769230769232,
                    194.46153846153845
                ],
                [
                    531.7692307692307,
                    208.3076923076923
                ],
                [
                    547.1538461538461,
                    222.15384615384613
                ],
                [
                    539.4615384615385,
                    525.2307692307692
                ],
                [
                    533.3076923076923,
                    537.5384615384615
                ],
                [
                    45.615384615384585,
                    537.5384615384615
                ],
                [
                    25.615384615384585,
                    536.0
                ],
                [
                    14.846153846153811,
                    529.8461538461538
                ],
                [
                    2.538461538461547,
                    217.53846153846152
                ]
            ],
            "shape_type": "polygon",
            "flags": {}
        },
        {
            "label": "student_id",
            "line_color": null,
            "fill_color": null,
            "points": [
                [
                    539.4615384615385,
                    523.6923076923076
                ],
                [
                    537.9230769230769,
                    429.8461538461538
                ],
                [
                    748.6923076923076,
                    620.6153846153846
                ],
                [
                    756.3846153846152,
                    640.6153846153846
                ],
                [
                    534.8461538461538,
                    817.5384615384615
                ],
                [
                    530.2307692307692,
                    762.1538461538461
                ],
                [
                    491.7692307692307,
                    596.0
                ],
                [
                    476.38461538461536,
                    539.0769230769231
                ],
                [
                    541.0,
                    542.1538461538462
                ]
            ],
            "shape_type": "polygon",
            "flags": {}
        }
    ],
    "lineColor": [
        0,
        255,
        0,
        128
    ],
    "fillColor": [
        255,
        0,
        0,
        128
    ],
    "imagePath": "10099.jpg",
    "imageData": "",
    "imageHeight": 1024,
    "imageWidth": 768
}