{
    "version": "3.21.1",
    "flags": {},
    "shapes": [
        {
            "label": "student_id",
            "line_color": null,
            "fill_color": null,
            "points": [
                [
                    47.76190476190476,
                    218.09523809523807
                ],
                [
                    187.76190476190476,
                    213.33333333333331
                ],
                [
                    432.5238095238095,
                    209.52380952380952
                ],
                [
                    444.9047619047619,
                    212.38095238095238
                ],
                [
                    447.7619047619047,
                    226.66666666666666
                ],
                [
                    454.42857142857144,
                    450.4761904761905
                ],
                [
                    188.71428571428572,
                    466.66666666666663
                ],
                [
                    61.095238095238074,
                    472.38095238095235
                ],
                [
                    57.28571428571428,
                    469.5238095238095
                ],
                [
                    46.809523809523796,
                    249.52380952380952
                ],
                [
                    45.85714285714283,
                    236.19047619047618
                ]
            ],
            "shape_type": "polygon",
            "flags": {}
        }
    ],
    "lineColor": [
        0,
        255,
        0,
        128
    ],
    "fillColor": [
        255,
        0,
        0,
        128
    ],
    "imagePath": "10091.jpg",
    "imageData": "",
    "imageHeight": 640,
    "imageWidth": 480
}