{
    "version": "3.21.1",
    "flags": {},
    "shapes": [
        {
            "label": "student_id",
            "line_color": null,
            "fill_color": null,
            "points": [
                [
                    43.0,
                    276.1904761904762
                ],
                [
                    46.809523809523796,
                    260.95238095238096
                ],
                [
                    68.71428571428572,
                    259.04761904761904
                ],
                [
                    223.9523809523809,
                    255.23809523809524
                ],
                [
                    230.6190476190476,
                    263.8095238095238
                ],
                [
                    232.52380952380952,
                    575.2380952380952
                ],
                [
                    231.57142857142856,
                    588.5714285714286
                ],
                [
                    223.0,
                    591.4285714285714
                ],
                [
                    25.857142857142833,
                    587.6190476190476
                ],
                [
                    13.476190476190482,
                    587.6190476190476
                ],
                [
                    14.428571428571445,
                    571.4285714285714
                ]
            ],
            "shape_type": "polygon",
            "flags": {}
        },
        {
            "label": "student_id",
            "line_color": null,
            "fill_color": null,
            "points": [
                [
                    142.04761904761904,
                    42.857142857142854
                ],
                [
                    436.33333333333326,
                    28.57142857142857
                ],
                [
                    445.8571428571428,
                    30.476190476190474
                ],
                [
                    448.71428571428567,
                    38.095238095238095
                ],
                [
                    451.57142857142856,
                    68.57142857142857
                ],
                [
                    451.57142857142856,
                    194.28571428571428
                ],
                [
                    452.5238095238095,
                    216.19047619047618
                ],
                [
                    448.71428571428567,
                    225.7142857142857
                ],
                [
                    165.85714285714283,
                    245.7142857142857
                ],
                [
                    156.33333333333331,
                    240.95238095238093
                ],
                [
                    140.1428571428571,
                    58.095238095238095
                ]
            ],
            "shape_type": "polygon",
            "flags": {}
        }
    ],
    "lineColor": [
        0,
        255,
        0,
        128
    ],
    "fillColor": [
        255,
        0,
        0,
        128
    ],
    "imagePath": "10095.jpg",
    "imageData": "",
    "imageHeight": 640,
    "imageWidth": 480
}