{
    "version": "3.21.1",
    "flags": {},
    "shapes": [
        {
            "label": "student_id",
            "line_color": null,
            "fill_color": null,
            "points": [
                [
                    6.95698924731181,
                    278.5698924731183
                ],
                [
                    6.95698924731181,
                    268.89247311827955
                ],
                [
                    229.53763440860212,
                    168.89247311827955
                ],
                [
                    237.0645161290322,
                    171.04301075268816
                ],
                [
                    398.35483870967744,
                    539.8602150537635
                ],
                [
                    398.35483870967744,
                    548.4623655913978
                ],
                [
                    180.0752688172043,
                    642.010752688172
                ],
                [
                    165.02150537634407,
                    644.1612903225806
                ],
                [
                    156.41935483870964,
                    634.483870967742
                ]
            ],
            "shape_type": "polygon",
            "flags": {}
        },
        {
            "label": "student_id",
            "line_color": null,
            "fill_color": null,
            "points": [
                [
                    9.10752688172039,
                    96.84946236559139
                ],
                [
                    9.10752688172039,
                    89.32258064516128
                ],
                [
                    408.0322580645161,
                    36.634408602150536
                ],
                [
                    417.70967741935476,
                    40.93548387096774
                ],
                [
                    424.1612903225806,
                    61.36559139784946
                ],
                [
                    447.8172043010752,
                    286.09677419354836
                ],
                [
                    447.8172043010752,
                    296.84946236559136
                ],
                [
                    428.46236559139777,
                    301.1505376344086
                ],
                [
                    304.8064516129032,
                    317.2795698924731
                ],
                [
                    246.74193548387098,
                    173.19354838709677
                ],
                [
                    238.13978494623655,
                    165.66666666666666
                ],
                [
                    227.38709677419354,
                    164.59139784946237
                ],
                [
                    29.537634408602116,
                    258.13978494623655
                ]
            ],
            "shape_type": "polygon",
            "flags": {}
        }
    ],
    "lineColor": [
        0,
        255,
        0,
        128
    ],
    "fillColor": [
        255,
        0,
        0,
        128
    ],
    "imagePath": "10093.jpg",
    "imageData": "",
    "imageHeight": 720,
    "imageWidth": 480
}