{
    "version": "3.21.1",
    "flags": {},
    "shapes": [
        {
            "label": "student_id",
            "line_color": null,
            "fill_color": null,
            "points": [
                [
                    16.333333333333314,
                    213.33333333333331
                ],
                [
                    18.23809523809524,
                    202.85714285714286
                ],
                [
                    42.04761904761904,
                    199.04761904761904
                ],
                [
                    439.19047619047615,
                    184.76190476190476
                ],
                [
                    446.80952380952374,
                    195.23809523809524
                ],
                [
                    454.42857142857144,
                    457.1428571428571
                ],
                [
                    455.3809523809523,
                    467.6190476190476
                ],
                [
                    425.8571428571428,
                    469.5238095238095
                ],
                [
                    99.19047619047615,
                    468.57142857142856
                ],
                [
                    43.0,
                    468.57142857142856
                ],
                [
                    25.857142857142833,
                    466.66666666666663
                ],
                [
                    16.333333333333314,
                    459.04761904761904
                ]
            ],
            "shape_type": "polygon",
            "flags": {}
        }
    ],
    "lineColor": [
        0,
        255,
        0,
        128
    ],
    "fillColor": [
        255,
        0,
        0,
        128
    ],
    "imagePath": "10094.jpg",
    "imageData": "",
    "imageHeight": 640,
    "imageWidth": 480
}