{
    "version": "3.21.1",
    "flags": {},
    "shapes": [
        {
            "label": "student_id",
            "line_color": null,
            "fill_color": null,
            "points": [
                [
                    45.85714285714283,
                    362.85714285714283
                ],
                [
                    203.9523809523809,
                    234.28571428571428
                ],
                [
                    214.4285714285714,
                    227.61904761904762
                ],
                [
                    223.9523809523809,
                    231.42857142857142
                ],
                [
                    436.33333333333326,
                    493.3333333333333
                ],
                [
                    440.1428571428571,
                    502.85714285714283
                ],
                [
                    271.57142857142856,
                    638.0952380952381
                ],
                [
                    186.8095238095238,
                    548.5714285714286
                ],
                [
                    52.52380952380952,
                    392.38095238095235
                ],
                [
                    42.04761904761904,
                    380.95238095238096
                ]
            ],
            "shape_type": "polygon",
            "flags": {}
        },
        {
            "label": "student_id",
            "line_color": null,
            "fill_color": null,
            "points": [
                [
                    35.38095238095235,
                    23.80952380952381
                ],
                [
                    395.3809523809524,
                    12.38095238095238
                ],
                [
                    403.95238095238096,
                    12.38095238095238
                ],
                [
                    409.66666666666663,
                    20.0
                ],
                [
                    410.6190476190476,
                    33.33333333333333
                ],
                [
                    417.2857142857142,
                    253.33333333333331
                ],
                [
                    245.85714285714283,
                    258.0952380952381
                ],
                [
                    219.19047619047615,
                    225.7142857142857
                ],
                [
                    166.8095238095238,
                    262.85714285714283
                ],
                [
                    57.28571428571428,
                    265.7142857142857
                ],
                [
                    43.95238095238096,
                    259.04761904761904
                ],
                [
                    33.47619047619048,
                    43.80952380952381
                ]
            ],
            "shape_type": "polygon",
            "flags": {}
        }
    ],
    "lineColor": [
        0,
        255,
        0,
        128
    ],
    "fillColor": [
        255,
        0,
        0,
        128
    ],
    "imagePath": "10097.jpg",
    "imageData": "",
    "imageHeight": 640,
    "imageWidth": 480
}