{
    "version": "3.21.1",
    "flags": {},
    "shapes": [
        {
            "label": "student_id",
            "line_color": null,
            "fill_color": null,
            "points": [
                [
                    69.42857142857142,
                    115.71428571428571
                ],
                [
                    72.28571428571428,
                    105.71428571428571
                ],
                [
                    80.14285714285714,
                    97.14285714285714
                ],
                [
                    295.85714285714283,
                    92.85714285714285
                ],
                [
                    560.1428571428571,
                    92.14285714285714
                ],
                [
                    572.2857142857142,
                    92.85714285714285
                ],
                [
                    577.9999999999999,
                    98.57142857142856
                ],
                [
                    596.5714285714286,
                    399.2857142857142
                ],
                [
                    591.5714285714286,
                    402.1428571428571
                ],
                [
                    160.85714285714283,
                    431.4285714285714
                ],
                [
                    88.7142857142857,
                    434.99999999999994
                ],
                [
                    78.7142857142857,
                    432.1428571428571
                ],
                [
                    75.85714285714285,
                    427.85714285714283
                ]
            ],
            "shape_type": "polygon",
            "flags": {}
        }
    ],
    "lineColor": [
        0,
        255,
        0,
        128
    ],
    "fillColor": [
        255,
        0,
        0,
        128
    ],
    "imagePath": "10090.jpg",
    "imageData": "",
    "imageHeight": 480,
    "imageWidth": 640
}