{
    "version": "3.21.1",
    "flags": {},
    "shapes": [
        {
            "label": "student_id",
            "line_color": null,
            "fill_color": null,
            "points": [
                [
                    50.230769230769226,
                    391.38461538461536
                ],
                [
                    53.307692307692264,
                    376.0
                ],
                [
                    67.15384615384613,
                    369.8461538461538
                ],
                [
                    594.8461538461538,
                    369.8461538461538
                ],
                [
                    616.3846153846152,
                    388.3076923076923
                ],
                [
                    616.3846153846152,
                    699.0769230769231
                ],
                [
                    604.0769230769231,
                    712.9230769230769
                ],
                [
                    574.8461538461538,
                    717.5384615384615
                ],
                [
                    84.07692307692304,
                    725.2307692307692
                ],
                [
                    67.15384615384613,
                    720.6153846153846
                ],
                [
                    62.53846153846155,
                    709.8461538461538
                ]
            ],
            "shape_type": "polygon",
            "flags": {}
        },
        {
            "label": "student_id",
            "line_color": null,
            "fill_color": null,
            "points": [
                [
                    133.30769230769226,
                    134.46153846153845
                ],
                [
                    479.46153846153845,
                    0.615384615384615
                ],
                [
                    696.3846153846152,
                    2.1538461538461533
                ],
                [
                    764.0769230769231,
                    206.76923076923077
                ],
                [
                    767,
                    281
                ],
                [
                    547.1538461538461,
                    371.38461538461536
                ],
                [
                    227.15384615384608,
                    368.3076923076923
                ]
            ],
            "shape_type": "polygon",
            "flags": {}
        },
        {
            "label": "student_id",
            "line_color": null,
            "fill_color": null,
            "points": [
                [
                    2.538461538461547,
                    812.9230769230769
                ],
                [
                    76.38461538461536,
                    729.8461538461538
                ],
                [
                    545.6153846153845,
                    719.0769230769231
                ],
                [
                    262,
                    1023
                ],
                [
                    227.15384615384608,
                    1020.6153846153845
                ],
                [
                    5.615384615384585,
                    843.6923076923076
                ]
            ],
            "shape_type": "polygon",
            "flags": {}
        }
    ],
    "lineColor": [
        0,
        255,
        0,
        128
    ],
    "fillColor": [
        255,
        0,
        0,
        128
    ],
    "imagePath": "10092.jpg",
    "imageData": "",
    "imageHeight": 1024,
    "imageWidth": 768
}