{
    "version": "3.21.1",
    "flags": {},
    "shapes": [
        {
            "label": "student_id",
            "line_color": null,
            "fill_color": null,
            "points": [
                [
                    21.095238095238074,
                    253.33333333333331
                ],
                [
                    438.2380952380952,
                    194.28571428571428
                ],
                [
                    450.6190476190476,
                    201.9047619047619
                ],
                [
                    473.4761904761905,
                    491.4285714285714
                ],
                [
                    466.80952380952374,
                    498.0952380952381
                ],
                [
                    63.0,
                    501.90476190476187
                ],
                [
                    46.809523809523796,
                    494.2857142857143
                ],
                [
                    22.047619047619037,
                    286.66666666666663
                ],
                [
                    19.190476190476204,
                    269.5238095238095
                ]
            ],
            "shape_type": "polygon",
            "flags": {}
        }
    ],
    "lineColor": [
        0,
        255,
        0,
        128
    ],
    "fillColor": [
        255,
        0,
        0,
        128
    ],
    "imagePath": "10098.jpg",
    "imageData": "",
    "imageHeight": 640,
    "imageWidth": 480
}