{
    "version": "3.21.1",
    "flags": {},
    "shapes": [
        {
            "label": "student_id",
            "line_color": null,
            "fill_color": null,
            "points": [
                [
                    13.476190476190482,
                    329.5238095238095
                ],
                [
                    417.2857142857142,
                    320.95238095238096
                ],
                [
                    426.80952380952374,
                    326.66666666666663
                ],
                [
                    428.71428571428567,
                    366.66666666666663
                ],
                [
                    430.6190476190476,
                    593.3333333333333
                ],
                [
                    31.571428571428555,
                    581.9047619047619
                ],
                [
                    20.14285714285711,
                    571.4285714285714
                ],
                [
                    10.619047619047592,
                    345.7142857142857
                ]
            ],
            "shape_type": "polygon",
            "flags": {}
        }
    ],
    "lineColor": [
        0,
        255,
        0,
        128
    ],
    "fillColor": [
        255,
        0,
        0,
        128
    ],
    "imagePath": "10096.jpg",
    "imageData": "",
    "imageHeight": 640,
    "imageWidth": 480
}