{
    "version": "3.21.1",
    "flags": {},
    "shapes": [
        {
            "label": "student_id",
            "line_color": null,
            "fill_color": null,
            "points": [
                [
                    350.1428571428571,
                    112.85714285714285
                ],
                [
                    352.2857142857142,
                    104.28571428571428
                ],
                [
                    548.7142857142857,
                    101.42857142857142
                ],
                [
                    564.4285714285713,
                    417.85714285714283
                ],
                [
                    559.4285714285713,
                    426.4285714285714
                ],
                [
                    362.99999999999994,
                    440.71428571428567
                ]
            ],
            "shape_type": "polygon",
            "flags": {}
        }
    ],
    "lineColor": [
        0,
        255,
        0,
        128
    ],
    "fillColor": [
        255,
        0,
        0,
        128
    ],
    "imagePath": "10106.jpg",
    "imageData": "",
    "imageHeight": 480,
    "imageWidth": 640
}