{
    "version": "3.21.1",
    "flags": {},
    "shapes": [
        {
            "label": "student_id",
            "line_color": null,
            "fill_color": null,
            "points": [
                [
                    70.85714285714285,
                    87.14285714285714
                ],
                [
                    73.71428571428571,
                    76.42857142857142
                ],
                [
                    84.42857142857142,
                    72.85714285714285
                ],
                [
                    567.2857142857142,
                    77.14285714285714
                ],
                [
                    577.2857142857142,
                    80.71428571428571
                ],
                [
                    580.1428571428571,
                    91.42857142857142
                ],
                [
                    576.5714285714286,
                    380.71428571428567
                ],
                [
                    572.9999999999999,
                    390.71428571428567
                ],
                [
                    565.1428571428571,
                    395.71428571428567
                ],
                [
                    84.42857142857142,
                    391.4285714285714
                ],
                [
                    76.57142857142856,
                    386.4285714285714
                ],
                [
                    72.99999999999999,
                    379.2857142857143
                ]
            ],
            "shape_type": "polygon",
            "flags": {}
        }
    ],
    "lineColor": [
        0,
        255,
        0,
        128
    ],
    "fillColor": [
        255,
        0,
        0,
        128
    ],
    "imagePath": "10109.jpg",
    "imageData": "",
    "imageHeight": 480,
    "imageWidth": 640
}