{
    "version": "3.21.1",
    "flags": {},
    "shapes": [
        {
            "label": "student_id",
            "line_color": null,
            "fill_color": null,
            "points": [
                [
                    38.71428571428571,
                    67.14285714285714
                ],
                [
                    45.85714285714285,
                    57.857142857142854
                ],
                [
                    552.9999999999999,
                    55.71428571428571
                ],
                [
                    560.8571428571428,
                    62.14285714285714
                ],
                [
                    572.2857142857142,
                    363.57142857142856
                ],
                [
                    565.8571428571428,
                    373.57142857142856
                ],
                [
                    57.999999999999986,
                    396.4285714285714
                ],
                [
                    40.14285714285714,
                    392.1428571428571
                ],
                [
                    37.28571428571428,
                    384.2857142857142
                ]
            ],
            "shape_type": "polygon",
            "flags": {}
        }
    ],
    "lineColor": [
        0,
        255,
        0,
        128
    ],
    "fillColor": [
        255,
        0,
        0,
        128
    ],
    "imagePath": "10101.jpg",
    "imageData": "",
    "imageHeight": 480,
    "imageWidth": 640
}