{
    "version": "3.21.1",
    "flags": {},
    "shapes": [
        {
            "label": "student_id",
            "line_color": null,
            "fill_color": null,
            "points": [
                [
                    142.28571428571428,
                    107.85714285714285
                ],
                [
                    150.1428571428571,
                    97.85714285714285
                ],
                [
                    538.7142857142857,
                    108.57142857142856
                ],
                [
                    547.9999999999999,
                    117.14285714285714
                ],
                [
                    551.5714285714286,
                    353.57142857142856
                ],
                [
                    547.9999999999999,
                    357.1428571428571
                ],
                [
                    155.85714285714283,
                    363.57142857142856
                ],
                [
                    145.85714285714283,
                    364.2857142857143
                ],
                [
                    138.7142857142857,
                    354.99999999999994
                ]
            ],
            "shape_type": "polygon",
            "flags": {}
        }
    ],
    "lineColor": [
        0,
        255,
        0,
        128
    ],
    "fillColor": [
        255,
        0,
        0,
        128
    ],
    "imagePath": "10104.jpg",
    "imageData": "",
    "imageHeight": 480,
    "imageWidth": 640
}