{
    "version": "3.21.1",
    "flags": {},
    "shapes": [
        {
            "label": "student_id",
            "line_color": null,
            "fill_color": null,
            "points": [
                [
                    18.23809523809524,
                    240.0
                ],
                [
                    379.19047619047615,
                    113.33333333333333
                ],
                [
                    387.7619047619047,
                    113.33333333333333
                ],
                [
                    411.57142857142856,
                    191.42857142857142
                ],
                [
                    460.1428571428571,
                    334.2857142857143
                ],
                [
                    452.5238095238095,
                    343.8095238095238
                ],
                [
                    148.71428571428572,
                    451.4285714285714
                ],
                [
                    107.76190476190476,
                    465.7142857142857
                ],
                [
                    102.04761904761904,
                    462.85714285714283
                ],
                [
                    19.190476190476204,
                    255.23809523809524
                ]
            ],
            "shape_type": "polygon",
            "flags": {}
        }
    ],
    "lineColor": [
        0,
        255,
        0,
        128
    ],
    "fillColor": [
        255,
        0,
        0,
        128
    ],
    "imagePath": "10100.jpg",
    "imageData": "",
    "imageHeight": 640,
    "imageWidth": 480
}