{
    "version": "3.21.1",
    "flags": {},
    "shapes": [
        {
            "label": "student_id",
            "line_color": null,
            "fill_color": null,
            "points": [
                [
                    170.85714285714283,
                    194.28571428571428
                ],
                [
                    272.2857142857143,
                    30.71428571428571
                ],
                [
                    527.2857142857142,
                    209.28571428571428
                ],
                [
                    530.8571428571428,
                    222.85714285714283
                ],
                [
                    528.7142857142857,
                    229.28571428571428
                ],
                [
                    350.1428571428571,
                    439.2857142857142
                ],
                [
                    338.71428571428567,
                    441.4285714285714
                ]
            ],
            "shape_type": "polygon",
            "flags": {}
        }
    ],
    "lineColor": [
        0,
        255,
        0,
        128
    ],
    "fillColor": [
        255,
        0,
        0,
        128
    ],
    "imagePath": "10107.jpg",
    "imageData": "",
    "imageHeight": 480,
    "imageWidth": 640
}