{
    "version": "3.21.1",
    "flags": {},
    "shapes": [
        {
            "label": "student_id",
            "line_color": null,
            "fill_color": null,
            "points": [
                [
                    302.99999999999994,
                    359.99999999999994
                ],
                [
                    299.4285714285714,
                    349.99999999999994
                ],
                [
                    441.5714285714285,
                    24.999999999999996
                ],
                [
                    448.71428571428567,
                    23.57142857142857
                ],
                [
                    630.1428571428571,
                    118.57142857142856
                ],
                [
                    631.5714285714286,
                    124.28571428571428
                ],
                [
                    506.57142857142856,
                    429.2857142857142
                ],
                [
                    498.0,
                    439.2857142857142
                ],
                [
                    485.8571428571428,
                    436.4285714285714
                ]
            ],
            "shape_type": "polygon",
            "flags": {}
        },
        {
            "label": "student_id",
            "line_color": null,
            "fill_color": null,
            "points": [
                [
                    22.999999999999986,
                    157.14285714285714
                ],
                [
                    23.714285714285708,
                    147.14285714285714
                ],
                [
                    30.857142857142847,
                    140.0
                ],
                [
                    391.57142857142856,
                    99.99999999999999
                ],
                [
                    398.71428571428567,
                    102.85714285714285
                ],
                [
                    400.85714285714283,
                    113.57142857142856
                ],
                [
                    300.1428571428571,
                    345.71428571428567
                ],
                [
                    67.99999999999999,
                    378.57142857142856
                ],
                [
                    57.999999999999986,
                    377.1428571428571
                ],
                [
                    52.999999999999986,
                    371.4285714285714
                ]
            ],
            "shape_type": "polygon",
            "flags": {}
        }
    ],
    "lineColor": [
        0,
        255,
        0,
        128
    ],
    "fillColor": [
        255,
        0,
        0,
        128
    ],
    "imagePath": "10108.jpg",
    "imageData": "",
    "imageHeight": 480,
    "imageWidth": 640
}