{
    "version": "3.21.1",
    "flags": {},
    "shapes": [
        {
            "label": "student_id",
            "line_color": null,
            "fill_color": null,
            "points": [
                [
                    68.71428571428571,
                    66.42857142857142
                ],
                [
                    72.28571428571428,
                    59.28571428571428
                ],
                [
                    298.71428571428567,
                    32.857142857142854
                ],
                [
                    307.2857142857143,
                    37.14285714285714
                ],
                [
                    327.2857142857143,
                    447.85714285714283
                ],
                [
                    320.85714285714283,
                    454.99999999999994
                ],
                [
                    90.14285714285714,
                    453.57142857142856
                ],
                [
                    78.0,
                    448.57142857142856
                ]
            ],
            "shape_type": "polygon",
            "flags": {}
        },
        {
            "label": "student_id",
            "line_color": null,
            "fill_color": null,
            "points": [
                [
                    311.57142857142856,
                    84.28571428571428
                ],
                [
                    457.99999999999994,
                    12.857142857142856
                ],
                [
                    465.1428571428571,
                    12.857142857142856
                ],
                [
                    610.8571428571428,
                    336.4285714285714
                ],
                [
                    607.2857142857142,
                    348.57142857142856
                ],
                [
                    392.99999999999994,
                    422.1428571428571
                ],
                [
                    385.1428571428571,
                    414.99999999999994
                ],
                [
                    317.99999999999994,
                    232.1428571428571
                ]
            ],
            "shape_type": "polygon",
            "flags": {}
        }
    ],
    "lineColor": [
        0,
        255,
        0,
        128
    ],
    "fillColor": [
        255,
        0,
        0,
        128
    ],
    "imagePath": "10102.jpg",
    "imageData": "",
    "imageHeight": 480,
    "imageWidth": 640
}