{
    "version": "3.21.1",
    "flags": {},
    "shapes": [
        {
            "label": "student_id",
            "line_color": null,
            "fill_color": null,
            "points": [
                [
                    170.85714285714283,
                    82.85714285714285
                ],
                [
                    176.57142857142856,
                    75.71428571428571
                ],
                [
                    514.4285714285713,
                    114.99999999999999
                ],
                [
                    523.7142857142857,
                    119.99999999999999
                ],
                [
                    560.1428571428571,
                    322.1428571428571
                ],
                [
                    554.4285714285713,
                    327.1428571428571
                ],
                [
                    152.99999999999997,
                    312.1428571428571
                ],
                [
                    142.99999999999997,
                    304.2857142857143
                ]
            ],
            "shape_type": "polygon",
            "flags": {}
        }
    ],
    "lineColor": [
        0,
        255,
        0,
        128
    ],
    "fillColor": [
        255,
        0,
        0,
        128
    ],
    "imagePath": "10103.jpg",
    "imageData": "",
    "imageHeight": 480,
    "imageWidth": 640
}