{
    "version": "3.21.1",
    "flags": {},
    "shapes": [
        {
            "label": "student_id",
            "line_color": null,
            "fill_color": null,
            "points": [
                [
                    83.0,
                    127.14285714285712
                ],
                [
                    85.14285714285714,
                    118.57142857142856
                ],
                [
                    91.57142857142856,
                    114.99999999999999
                ],
                [
                    517.2857142857142,
                    109.28571428571428
                ],
                [
                    526.5714285714286,
                    113.57142857142856
                ],
                [
                    530.8571428571428,
                    380.71428571428567
                ],
                [
                    524.4285714285713,
                    384.99999999999994
                ],
                [
                    101.57142857142856,
                    388.57142857142856
                ],
                [
                    92.28571428571428,
                    386.4285714285714
                ],
                [
                    88.0,
                    374.2857142857143
                ]
            ],
            "shape_type": "polygon",
            "flags": {}
        }
    ],
    "lineColor": [
        0,
        255,
        0,
        128
    ],
    "fillColor": [
        255,
        0,
        0,
        128
    ],
    "imagePath": "10105.jpg",
    "imageData": "",
    "imageHeight": 480,
    "imageWidth": 640
}