{
    "version": "3.21.1",
    "flags": {},
    "shapes": [
        {
            "label": "student_id",
            "line_color": null,
            "fill_color": null,
            "points": [
                [
                    241.57142857142856,
                    249.99999999999997
                ],
                [
                    392.2857142857142,
                    19.999999999999996
                ],
                [
                    394.4285714285714,
                    19.999999999999996
                ],
                [
                    534.4285714285713,
                    110.71428571428571
                ],
                [
                    535.8571428571428,
                    118.57142857142856
                ],
                [
                    389.4285714285714,
                    342.1428571428571
                ],
                [
                    380.1428571428571,
                    344.2857142857143
                ]
            ],
            "shape_type": "polygon",
            "flags": {}
        },
        {
            "label": "student_id",
            "line_color": null,
            "fill_color": null,
            "points": [
                [
                    247.28571428571428,
                    302.1428571428571
                ],
                [
                    300.85714285714283,
                    290.71428571428567
                ],
                [
                    380.85714285714283,
                    344.2857142857143
                ],
                [
                    390.1428571428571,
                    341.4285714285714
                ],
                [
                    446.5714285714285,
                    259.2857142857143
                ],
                [
                    515.1428571428571,
                    246.42857142857142
                ],
                [
                    522.2857142857142,
                    250.7142857142857
                ],
                [
                    553.7142857142857,
                    412.85714285714283
                ],
                [
                    547.9999999999999,
                    420.71428571428567
                ],
                [
                    287.99999999999994,
                    476.4285714285714
                ],
                [
                    279.4285714285714,
                    472.85714285714283
                ]
            ],
            "shape_type": "polygon",
            "flags": {}
        },
        {
            "label": "student_id",
            "line_color": null,
            "fill_color": null,
            "points": [
                [
                    124.42857142857142,
                    92.14285714285714
                ],
                [
                    130.14285714285714,
                    86.42857142857142
                ],
                [
                    298.71428571428567,
                    123.57142857142856
                ],
                [
                    300.85714285714283,
                    127.85714285714285
                ],
                [
                    295.1428571428571,
                    162.85714285714283
                ],
                [
                    238.0,
                    248.57142857142856
                ],
                [
                    243.0,
                    254.28571428571425
                ],
                [
                    274.4285714285714,
                    274.2857142857143
                ],
                [
                    270.1428571428571,
                    295.0
                ],
                [
                    244.4285714285714,
                    299.2857142857143
                ],
                [
                    254.4285714285714,
                    357.1428571428571
                ],
                [
                    247.28571428571428,
                    396.4285714285714
                ],
                [
                    241.57142857142856,
                    399.99999999999994
                ],
                [
                    70.14285714285712,
                    369.99999999999994
                ],
                [
                    66.57142857142856,
                    363.57142857142856
                ]
            ],
            "shape_type": "polygon",
            "flags": {}
        }
    ],
    "lineColor": [
        0,
        255,
        0,
        128
    ],
    "fillColor": [
        255,
        0,
        0,
        128
    ],
    "imagePath": "10117.jpg",
    "imageData": "",
    "imageHeight": 480,
    "imageWidth": 640
}