{
    "version": "3.21.1",
    "flags": {},
    "shapes": [
        {
            "label": "student_id",
            "line_color": null,
            "fill_color": null,
            "points": [
                [
                    60.14285714285714,
                    202.85714285714283
                ],
                [
                    59.428571428571416,
                    194.99999999999997
                ],
                [
                    228.0,
                    17.142857142857142
                ],
                [
                    235.1428571428571,
                    15.714285714285714
                ],
                [
                    283.71428571428567,
                    60.71428571428571
                ],
                [
                    283.71428571428567,
                    70.0
                ],
                [
                    336.57142857142856,
                    114.99999999999999
                ],
                [
                    521.5714285714286,
                    290.71428571428567
                ],
                [
                    525.1428571428571,
                    299.99999999999994
                ],
                [
                    357.2857142857142,
                    472.1428571428571
                ],
                [
                    342.99999999999994,
                    469.2857142857142
                ],
                [
                    322.2857142857143,
                    453.57142857142856
                ],
                [
                    283.71428571428567,
                    417.1428571428571
                ]
            ],
            "shape_type": "polygon",
            "flags": {}
        }
    ],
    "lineColor": [
        0,
        255,
        0,
        128
    ],
    "fillColor": [
        255,
        0,
        0,
        128
    ],
    "imagePath": "10113.jpg",
    "imageData": "",
    "imageHeight": 480,
    "imageWidth": 640
}