{
    "version": "3.21.1",
    "flags": {},
    "shapes": [
        {
            "label": "student_id",
            "line_color": null,
            "fill_color": null,
            "points": [
                [
                    281.57142857142856,
                    29.285714285714285
                ],
                [
                    281.57142857142856,
                    21.428571428571427
                ],
                [
                    287.2857142857143,
                    13.57142857142857
                ],
                [
                    465.1428571428571,
                    1.4285714285714284
                ],
                [
                    472.2857142857142,
                    5.7142857142857135
                ],
                [
                    504.42857142857133,
                    294.2857142857143
                ],
                [
                    495.8571428571428,
                    302.85714285714283
                ],
                [
                    447.99999999999994,
                    309.2857142857143
                ],
                [
                    431.5714285714285,
                    291.4285714285714
                ],
                [
                    407.99999999999994,
                    286.4285714285714
                ],
                [
                    385.85714285714283,
                    290.0
                ],
                [
                    373.71428571428567,
                    304.2857142857143
                ],
                [
                    370.1428571428571,
                    317.85714285714283
                ],
                [
                    368.71428571428567,
                    320.71428571428567
                ],
                [
                    332.99999999999994,
                    326.4285714285714
                ],
                [
                    321.57142857142856,
                    326.4285714285714
                ]
            ],
            "shape_type": "polygon",
            "flags": {}
        },
        {
            "label": "student_id",
            "line_color": null,
            "fill_color": null,
            "points": [
                [
                    223.0,
                    124.99999999999999
                ],
                [
                    232.28571428571428,
                    124.28571428571428
                ],
                [
                    295.1428571428571,
                    133.57142857142856
                ],
                [
                    319.4285714285714,
                    327.1428571428571
                ],
                [
                    322.2857142857143,
                    330.71428571428567
                ],
                [
                    370.85714285714283,
                    321.4285714285714
                ],
                [
                    370.1428571428571,
                    341.4285714285714
                ],
                [
                    380.1428571428571,
                    379.2857142857143
                ],
                [
                    379.4285714285714,
                    389.99999999999994
                ],
                [
                    382.99999999999994,
                    399.2857142857142
                ],
                [
                    378.71428571428567,
                    441.4285714285714
                ],
                [
                    372.99999999999994,
                    448.57142857142856
                ],
                [
                    358.71428571428567,
                    447.85714285714283
                ],
                [
                    191.57142857142856,
                    434.2857142857142
                ],
                [
                    185.1428571428571,
                    432.1428571428571
                ]
            ],
            "shape_type": "polygon",
            "flags": {}
        }
    ],
    "lineColor": [
        0,
        255,
        0,
        128
    ],
    "fillColor": [
        255,
        0,
        0,
        128
    ],
    "imagePath": "10115.jpg",
    "imageData": "",
    "imageHeight": 480,
    "imageWidth": 640
}