{
    "version": "3.21.1",
    "flags": {},
    "shapes": [
        {
            "label": "student_id",
            "line_color": null,
            "fill_color": null,
            "points": [
                [
                    144.42857142857142,
                    352.85714285714283
                ],
                [
                    312.99999999999994,
                    22.857142857142854
                ],
                [
                    320.1428571428571,
                    14.285714285714285
                ],
                [
                    329.4285714285714,
                    12.142857142857142
                ],
                [
                    540.8571428571428,
                    127.14285714285712
                ],
                [
                    540.8571428571428,
                    130.0
                ],
                [
                    353.71428571428567,
                    464.2857142857142
                ],
                [
                    347.2857142857142,
                    466.4285714285714
                ]
            ],
            "shape_type": "polygon",
            "flags": {}
        }
    ],
    "lineColor": [
        0,
        255,
        0,
        128
    ],
    "fillColor": [
        255,
        0,
        0,
        128
    ],
    "imagePath": "10112.jpg",
    "imageData": "",
    "imageHeight": 480,
    "imageWidth": 640
}