{
    "version": "3.21.1",
    "flags": {},
    "shapes": [
        {
            "label": "student_id",
            "line_color": null,
            "fill_color": null,
            "points": [
                [
                    82.28571428571428,
                    139.28571428571428
                ],
                [
                    83.7142857142857,
                    130.0
                ],
                [
                    93.0,
                    125.71428571428571
                ],
                [
                    490.1428571428571,
                    131.42857142857142
                ],
                [
                    498.0,
                    135.0
                ],
                [
                    500.1428571428571,
                    142.14285714285714
                ],
                [
                    513.7142857142857,
                    367.85714285714283
                ],
                [
                    509.42857142857133,
                    377.1428571428571
                ],
                [
                    114.42857142857142,
                    434.2857142857142
                ],
                [
                    103.7142857142857,
                    432.85714285714283
                ],
                [
                    97.28571428571428,
                    424.2857142857142
                ]
            ],
            "shape_type": "polygon",
            "flags": {}
        }
    ],
    "lineColor": [
        0,
        255,
        0,
        128
    ],
    "fillColor": [
        255,
        0,
        0,
        128
    ],
    "imagePath": "10119.jpg",
    "imageData": "",
    "imageHeight": 480,
    "imageWidth": 640
}