{
    "version": "3.21.1",
    "flags": {},
    "shapes": [
        {
            "label": "student_id",
            "line_color": null,
            "fill_color": null,
            "points": [
                [
                    38.71428571428571,
                    183.57142857142856
                ],
                [
                    186.57142857142856,
                    13.57142857142857
                ],
                [
                    194.42857142857142,
                    12.142857142857142
                ],
                [
                    470.1428571428571,
                    272.85714285714283
                ],
                [
                    472.2857142857142,
                    287.1428571428571
                ],
                [
                    310.85714285714283,
                    446.4285714285714
                ],
                [
                    302.99999999999994,
                    446.4285714285714
                ]
            ],
            "shape_type": "polygon",
            "flags": {}
        }
    ],
    "lineColor": [
        0,
        255,
        0,
        128
    ],
    "fillColor": [
        255,
        0,
        0,
        128
    ],
    "imagePath": "10110.jpg",
    "imageData": "",
    "imageHeight": 480,
    "imageWidth": 640
}