{
    "version": "3.21.1",
    "flags": {},
    "shapes": [
        {
            "label": "student_id",
            "line_color": null,
            "fill_color": null,
            "points": [
                [
                    175.85714285714283,
                    47.857142857142854
                ],
                [
                    175.85714285714283,
                    35.0
                ],
                [
                    182.28571428571428,
                    30.71428571428571
                ],
                [
                    438.71428571428567,
                    29.999999999999996
                ],
                [
                    444.4285714285714,
                    36.42857142857142
                ],
                [
                    451.5714285714285,
                    448.57142857142856
                ],
                [
                    447.2857142857142,
                    458.57142857142856
                ],
                [
                    440.1428571428571,
                    459.99999999999994
                ],
                [
                    187.99999999999997,
                    464.99999999999994
                ],
                [
                    182.99999999999997,
                    462.1428571428571
                ]
            ],
            "shape_type": "polygon",
            "flags": {}
        }
    ],
    "lineColor": [
        0,
        255,
        0,
        128
    ],
    "fillColor": [
        255,
        0,
        0,
        128
    ],
    "imagePath": "10111.jpg",
    "imageData": "",
    "imageHeight": 480,
    "imageWidth": 640
}