{
    "version": "3.21.1",
    "flags": {},
    "shapes": [
        {
            "label": "student_id",
            "line_color": null,
            "fill_color": null,
            "points": [
                [
                    414.4285714285714,
                    70.0
                ],
                [
                    415.85714285714283,
                    62.857142857142854
                ],
                [
                    422.2857142857142,
                    58.57142857142857
                ],
                [
                    597.9999999999999,
                    79.28571428571428
                ],
                [
                    604.4285714285713,
                    84.99999999999999
                ],
                [
                    585.1428571428571,
                    380.71428571428567
                ],
                [
                    576.5714285714286,
                    387.85714285714283
                ],
                [
                    401.57142857142856,
                    374.99999999999994
                ],
                [
                    392.99999999999994,
                    369.2857142857143
                ]
            ],
            "shape_type": "polygon",
            "flags": {}
        },
        {
            "label": "student_id",
            "line_color": null,
            "fill_color": null,
            "points": [
                [
                    20.857142857142847,
                    175.7142857142857
                ],
                [
                    22.999999999999986,
                    168.57142857142856
                ],
                [
                    307.99999999999994,
                    36.42857142857142
                ],
                [
                    315.85714285714283,
                    39.285714285714285
                ],
                [
                    399.4285714285714,
                    205.7142857142857
                ],
                [
                    397.2857142857142,
                    214.28571428571428
                ],
                [
                    112.99999999999997,
                    354.99999999999994
                ],
                [
                    107.28571428571428,
                    354.2857142857143
                ]
            ],
            "shape_type": "polygon",
            "flags": {}
        }
    ],
    "lineColor": [
        0,
        255,
        0,
        128
    ],
    "fillColor": [
        255,
        0,
        0,
        128
    ],
    "imagePath": "10118.jpg",
    "imageData": "",
    "imageHeight": 480,
    "imageWidth": 640
}