{
    "version": "3.21.1",
    "flags": {},
    "shapes": [
        {
            "label": "student_id",
            "line_color": null,
            "fill_color": null,
            "points": [
                [
                    75.85714285714285,
                    207.1428571428571
                ],
                [
                    228.71428571428567,
                    13.57142857142857
                ],
                [
                    236.57142857142856,
                    14.285714285714285
                ],
                [
                    552.9999999999999,
                    254.99999999999997
                ],
                [
                    556.5714285714286,
                    258.57142857142856
                ],
                [
                    558.7142857142857,
                    269.2857142857143
                ],
                [
                    399.4285714285714,
                    468.57142857142856
                ],
                [
                    390.1428571428571,
                    472.1428571428571
                ],
                [
                    382.99999999999994,
                    469.2857142857142
                ],
                [
                    205.1428571428571,
                    318.57142857142856
                ],
                [
                    100.85714285714283,
                    233.57142857142856
                ],
                [
                    80.85714285714283,
                    216.42857142857142
                ]
            ],
            "shape_type": "polygon",
            "flags": {}
        }
    ],
    "lineColor": [
        0,
        255,
        0,
        128
    ],
    "fillColor": [
        255,
        0,
        0,
        128
    ],
    "imagePath": "10114.jpg",
    "imageData": "",
    "imageHeight": 480,
    "imageWidth": 640
}