{
    "version": "3.21.1",
    "flags": {},
    "shapes": [
        {
            "label": "student_id",
            "line_color": null,
            "fill_color": null,
            "points": [
                [
                    161.57142857142856,
                    35.71428571428571
                ],
                [
                    162.99999999999997,
                    27.857142857142854
                ],
                [
                    172.28571428571428,
                    24.285714285714285
                ],
                [
                    412.2857142857142,
                    29.999999999999996
                ],
                [
                    425.85714285714283,
                    414.2857142857142
                ],
                [
                    418.71428571428567,
                    429.2857142857142
                ],
                [
                    171.57142857142856,
                    441.4285714285714
                ],
                [
                    165.1428571428571,
                    437.1428571428571
                ]
            ],
            "shape_type": "polygon",
            "flags": {}
        }
    ],
    "lineColor": [
        0,
        255,
        0,
        128
    ],
    "fillColor": [
        255,
        0,
        0,
        128
    ],
    "imagePath": "10116.jpg",
    "imageData": "",
    "imageHeight": 480,
    "imageWidth": 640
}