{
    "version": "3.21.1",
    "flags": {},
    "shapes": [
        {
            "label": "student_id",
            "line_color": null,
            "fill_color": null,
            "points": [
                [
                    56.571428571428555,
                    140.0
                ],
                [
                    61.571428571428555,
                    135.0
                ],
                [
                    545.1428571428571,
                    57.14285714285714
                ],
                [
                    555.8571428571428,
                    59.28571428571428
                ],
                [
                    560.8571428571428,
                    72.14285714285714
                ],
                [
                    620.8571428571428,
                    356.4285714285714
                ],
                [
                    617.9999999999999,
                    363.57142857142856
                ],
                [
                    118.7142857142857,
                    462.85714285714283
                ],
                [
                    107.99999999999997,
                    457.85714285714283
                ]
            ],
            "shape_type": "polygon",
            "flags": {}
        }
    ],
    "lineColor": [
        0,
        255,
        0,
        128
    ],
    "fillColor": [
        255,
        0,
        0,
        128
    ],
    "imagePath": "10127.jpg",
    "imageData": "",
    "imageHeight": 480,
    "imageWidth": 640
}