{
    "version": "3.21.1",
    "flags": {},
    "shapes": [
        {
            "label": "student_id",
            "line_color": null,
            "fill_color": null,
            "points": [
                [
                    22.285714285714278,
                    38.57142857142857
                ],
                [
                    32.999999999999986,
                    31.428571428571427
                ],
                [
                    603.7142857142857,
                    35.0
                ],
                [
                    613.7142857142857,
                    48.57142857142857
                ],
                [
                    629.4285714285713,
                    374.99999999999994
                ],
                [
                    620.8571428571428,
                    390.71428571428567
                ],
                [
                    42.28571428571428,
                    422.85714285714283
                ],
                [
                    27.999999999999986,
                    413.57142857142856
                ]
            ],
            "shape_type": "polygon",
            "flags": {}
        }
    ],
    "lineColor": [
        0,
        255,
        0,
        128
    ],
    "fillColor": [
        255,
        0,
        0,
        128
    ],
    "imagePath": "10129.jpg",
    "imageData": "",
    "imageHeight": 480,
    "imageWidth": 640
}