{
    "version": "3.21.1",
    "flags": {},
    "shapes": [
        {
            "label": "student_id",
            "line_color": null,
            "fill_color": null,
            "points": [
                [
                    227.28571428571428,
                    48.57142857142857
                ],
                [
                    233.0,
                    37.857142857142854
                ],
                [
                    243.0,
                    37.14285714285714
                ],
                [
                    472.2857142857142,
                    44.99999999999999
                ],
                [
                    479.42857142857133,
                    48.57142857142857
                ],
                [
                    477.2857142857142,
                    447.1428571428571
                ],
                [
                    470.8571428571428,
                    452.1428571428571
                ],
                [
                    223.0,
                    449.99999999999994
                ],
                [
                    215.1428571428571,
                    444.99999999999994
                ]
            ],
            "shape_type": "polygon",
            "flags": {}
        }
    ],
    "lineColor": [
        0,
        255,
        0,
        128
    ],
    "fillColor": [
        255,
        0,
        0,
        128
    ],
    "imagePath": "10120.jpg",
    "imageData": "",
    "imageHeight": 480,
    "imageWidth": 640
}