{
    "version": "3.21.1",
    "flags": {},
    "shapes": [
        {
            "label": "student_id",
            "line_color": null,
            "fill_color": null,
            "points": [
                [
                    122.99999999999997,
                    91.42857142857142
                ],
                [
                    128.7142857142857,
                    83.57142857142857
                ],
                [
                    611.5714285714286,
                    96.42857142857142
                ],
                [
                    618.7142857142857,
                    98.57142857142856
                ],
                [
                    620.8571428571428,
                    107.85714285714285
                ],
                [
                    615.8571428571428,
                    387.85714285714283
                ],
                [
                    605.1428571428571,
                    399.2857142857142
                ],
                [
                    137.28571428571428,
                    404.99999999999994
                ],
                [
                    125.14285714285714,
                    400.71428571428567
                ],
                [
                    120.85714285714283,
                    394.2857142857142
                ]
            ],
            "shape_type": "polygon",
            "flags": {}
        }
    ],
    "lineColor": [
        0,
        255,
        0,
        128
    ],
    "fillColor": [
        255,
        0,
        0,
        128
    ],
    "imagePath": "10122.jpg",
    "imageData": "",
    "imageHeight": 480,
    "imageWidth": 640
}