{
    "version": "3.21.1",
    "flags": {},
    "shapes": [
        {
            "label": "student_id",
            "line_color": null,
            "fill_color": null,
            "points": [
                [
                    26.57142857142857,
                    75.71428571428571
                ],
                [
                    29.428571428571416,
                    67.85714285714285
                ],
                [
                    36.57142857142857,
                    58.57142857142857
                ],
                [
                    565.1428571428571,
                    67.85714285714285
                ],
                [
                    574.4285714285713,
                    68.57142857142857
                ],
                [
                    579.4285714285713,
                    75.71428571428571
                ],
                [
                    592.2857142857142,
                    402.85714285714283
                ],
                [
                    49.428571428571416,
                    423.57142857142856
                ],
                [
                    37.28571428571428,
                    422.1428571428571
                ],
                [
                    30.14285714285714,
                    410.71428571428567
                ]
            ],
            "shape_type": "polygon",
            "flags": {}
        }
    ],
    "lineColor": [
        0,
        255,
        0,
        128
    ],
    "fillColor": [
        255,
        0,
        0,
        128
    ],
    "imagePath": "10128.jpg",
    "imageData": "",
    "imageHeight": 480,
    "imageWidth": 640
}