{
    "version": "3.21.1",
    "flags": {},
    "shapes": [
        {
            "label": "student_id",
            "line_color": null,
            "fill_color": null,
            "points": [
                [
                    236.57142857142856,
                    191.42857142857142
                ],
                [
                    236.57142857142856,
                    184.99999999999997
                ],
                [
                    370.85714285714283,
                    89.99999999999999
                ],
                [
                    376.57142857142856,
                    89.99999999999999
                ],
                [
                    441.5714285714285,
                    163.57142857142856
                ],
                [
                    564.4285714285713,
                    293.57142857142856
                ],
                [
                    565.1428571428571,
                    307.85714285714283
                ],
                [
                    406.57142857142856,
                    422.85714285714283
                ],
                [
                    393.71428571428567,
                    426.4285714285714
                ],
                [
                    387.2857142857142,
                    418.57142857142856
                ]
            ],
            "shape_type": "polygon",
            "flags": {}
        }
    ],
    "lineColor": [
        0,
        255,
        0,
        128
    ],
    "fillColor": [
        255,
        0,
        0,
        128
    ],
    "imagePath": "10124.jpg",
    "imageData": "",
    "imageHeight": 480,
    "imageWidth": 640
}