{
    "version": "3.21.1",
    "flags": {},
    "shapes": [
        {
            "label": "student_id",
            "line_color": null,
            "fill_color": null,
            "points": [
                [
                    93.0,
                    152.85714285714283
                ],
                [
                    93.0,
                    142.14285714285714
                ],
                [
                    103.7142857142857,
                    135.7142857142857
                ],
                [
                    468.71428571428567,
                    19.285714285714285
                ],
                [
                    476.57142857142856,
                    22.142857142857142
                ],
                [
                    545.1428571428571,
                    232.1428571428571
                ],
                [
                    543.7142857142857,
                    239.99999999999997
                ],
                [
                    238.0,
                    429.2857142857142
                ],
                [
                    226.57142857142856,
                    432.85714285714283
                ],
                [
                    217.28571428571428,
                    427.85714285714283
                ]
            ],
            "shape_type": "polygon",
            "flags": {}
        }
    ],
    "lineColor": [
        0,
        255,
        0,
        128
    ],
    "fillColor": [
        255,
        0,
        0,
        128
    ],
    "imagePath": "10126.jpg",
    "imageData": "",
    "imageHeight": 480,
    "imageWidth": 640
}