{
    "version": "3.21.1",
    "flags": {},
    "shapes": [
        {
            "label": "student_id",
            "line_color": null,
            "fill_color": null,
            "points": [
                [
                    27.285714285714278,
                    172.85714285714283
                ],
                [
                    29.428571428571416,
                    162.85714285714283
                ],
                [
                    417.2857142857142,
                    44.99999999999999
                ],
                [
                    427.2857142857142,
                    44.285714285714285
                ],
                [
                    505.1428571428571,
                    302.1428571428571
                ],
                [
                    498.71428571428567,
                    311.4285714285714
                ],
                [
                    97.99999999999997,
                    410.71428571428567
                ],
                [
                    88.0,
                    410.71428571428567
                ],
                [
                    52.999999999999986,
                    276.4285714285714
                ]
            ],
            "shape_type": "polygon",
            "flags": {}
        }
    ],
    "lineColor": [
        0,
        255,
        0,
        128
    ],
    "fillColor": [
        255,
        0,
        0,
        128
    ],
    "imagePath": "10123.jpg",
    "imageData": "",
    "imageHeight": 480,
    "imageWidth": 640
}