{
    "version": "3.21.1",
    "flags": {},
    "shapes": [
        {
            "label": "student_id",
            "line_color": null,
            "fill_color": null,
            "points": [
                [
                    366.57142857142856,
                    53.57142857142857
                ],
                [
                    382.99999999999994,
                    51.42857142857142
                ],
                [
                    583.7142857142857,
                    374.99999999999994
                ],
                [
                    577.9999999999999,
                    384.99999999999994
                ],
                [
                    438.71428571428567,
                    478.5714285714285
                ],
                [
                    361.57142857142856,
                    478.5714285714285
                ],
                [
                    265.85714285714283,
                    332.1428571428571
                ],
                [
                    257.2857142857143,
                    124.28571428571428
                ]
            ],
            "shape_type": "polygon",
            "flags": {}
        },
        {
            "label": "student_id",
            "line_color": null,
            "fill_color": null,
            "points": [
                [
                    8.714285714285708,
                    47.14285714285714
                ],
                [
                    247.28571428571428,
                    42.857142857142854
                ],
                [
                    255.85714285714283,
                    52.14285714285714
                ],
                [
                    266.57142857142856,
                    441.4285714285714
                ],
                [
                    260.1428571428571,
                    449.99999999999994
                ],
                [
                    21.57142857142857,
                    463.57142857142856
                ],
                [
                    9.428571428571423,
                    462.85714285714283
                ],
                [
                    0.8571428571428541,
                    456.4285714285714
                ],
                [
                    0.1428571428571388,
                    51.42857142857142
                ]
            ],
            "shape_type": "polygon",
            "flags": {}
        }
    ],
    "lineColor": [
        0,
        255,
        0,
        128
    ],
    "fillColor": [
        255,
        0,
        0,
        128
    ],
    "imagePath": "10125.jpg",
    "imageData": "",
    "imageHeight": 480,
    "imageWidth": 640
}