{
    "version": "3.21.1",
    "flags": {},
    "shapes": [
        {
            "label": "student_id",
            "line_color": null,
            "fill_color": null,
            "points": [
                [
                    88.0,
                    101.42857142857142
                ],
                [
                    90.14285714285714,
                    91.42857142857142
                ],
                [
                    100.14285714285714,
                    88.57142857142857
                ],
                [
                    579.4285714285713,
                    105.71428571428571
                ],
                [
                    592.9999999999999,
                    109.28571428571428
                ],
                [
                    595.1428571428571,
                    123.57142857142856
                ],
                [
                    605.8571428571428,
                    405.71428571428567
                ],
                [
                    595.8571428571428,
                    419.2857142857142
                ],
                [
                    95.85714285714283,
                    429.2857142857142
                ],
                [
                    83.0,
                    424.99999999999994
                ],
                [
                    75.85714285714285,
                    414.99999999999994
                ]
            ],
            "shape_type": "polygon",
            "flags": {}
        }
    ],
    "lineColor": [
        0,
        255,
        0,
        128
    ],
    "fillColor": [
        255,
        0,
        0,
        128
    ],
    "imagePath": "10121.jpg",
    "imageData": "",
    "imageHeight": 480,
    "imageWidth": 640
}