{
    "version": "3.21.1",
    "flags": {},
    "shapes": [
        {
            "label": "student_id",
            "line_color": null,
            "fill_color": null,
            "points": [
                [
                    363.71428571428567,
                    48.57142857142857
                ],
                [
                    370.1428571428571,
                    42.14285714285714
                ],
                [
                    607.9999999999999,
                    71.42857142857142
                ],
                [
                    612.9999999999999,
                    76.42857142857142
                ],
                [
                    612.9999999999999,
                    76.42857142857142
                ],
                [
                    577.2857142857142,
                    459.2857142857142
                ],
                [
                    573.7142857142857,
                    467.85714285714283
                ],
                [
                    561.5714285714286,
                    469.2857142857142
                ],
                [
                    327.2857142857143,
                    452.1428571428571
                ],
                [
                    325.85714285714283,
                    444.2857142857142
                ]
            ],
            "shape_type": "polygon",
            "flags": {}
        },
        {
            "label": "student_id",
            "line_color": null,
            "fill_color": null,
            "points": [
                [
                    67.28571428571428,
                    7.142857142857142
                ],
                [
                    80.14285714285714,
                    1.4285714285714284
                ],
                [
                    322.2857142857143,
                    34.285714285714285
                ],
                [
                    330.1428571428571,
                    47.857142857142854
                ],
                [
                    280.1428571428571,
                    444.2857142857142
                ],
                [
                    267.99999999999994,
                    449.99999999999994
                ],
                [
                    18.714285714285708,
                    422.85714285714283
                ],
                [
                    10.857142857142854,
                    414.99999999999994
                ]
            ],
            "shape_type": "polygon",
            "flags": {}
        }
    ],
    "lineColor": [
        0,
        255,
        0,
        128
    ],
    "fillColor": [
        255,
        0,
        0,
        128
    ],
    "imagePath": "10131.jpg",
    "imageData": "",
    "imageHeight": 480,
    "imageWidth": 640
}