{
    "version": "3.21.1",
    "flags": {},
    "shapes": [
        {
            "label": "student_id",
            "line_color": null,
            "fill_color": null,
            "points": [
                [
                    52.999999999999986,
                    77.14285714285714
                ],
                [
                    57.999999999999986,
                    65.0
                ],
                [
                    69.42857142857142,
                    60.71428571428571
                ],
                [
                    592.9999999999999,
                    69.28571428571428
                ],
                [
                    601.5714285714286,
                    81.42857142857142
                ],
                [
                    605.1428571428571,
                    403.57142857142856
                ],
                [
                    600.1428571428571,
                    406.4285714285714
                ],
                [
                    70.85714285714285,
                    419.99999999999994
                ],
                [
                    65.14285714285714,
                    419.99999999999994
                ],
                [
                    52.999999999999986,
                    405.71428571428567
                ]
            ],
            "shape_type": "polygon",
            "flags": {}
        }
    ],
    "lineColor": [
        0,
        255,
        0,
        128
    ],
    "fillColor": [
        255,
        0,
        0,
        128
    ],
    "imagePath": "10130.jpg",
    "imageData": "",
    "imageHeight": 480,
    "imageWidth": 640
}