{
    "version": "3.21.1",
    "flags": {},
    "shapes": [
        {
            "label": "student_id",
            "line_color": null,
            "fill_color": null,
            "points": [
                [
                    83.7142857142857,
                    133.57142857142856
                ],
                [
                    86.57142857142856,
                    123.57142857142856
                ],
                [
                    95.14285714285714,
                    117.14285714285714
                ],
                [
                    595.1428571428571,
                    125.71428571428571
                ],
                [
                    604.4285714285713,
                    127.85714285714285
                ],
                [
                    607.2857142857142,
                    138.57142857142856
                ],
                [
                    619.4285714285713,
                    443.57142857142856
                ],
                [
                    612.2857142857142,
                    449.2857142857142
                ],
                [
                    97.99999999999997,
                    469.2857142857142
                ],
                [
                    85.14285714285714,
                    465.71428571428567
                ],
                [
                    78.0,
                    457.1428571428571
                ]
            ],
            "shape_type": "polygon",
            "flags": {}
        }
    ],
    "lineColor": [
        0,
        255,
        0,
        128
    ],
    "fillColor": [
        255,
        0,
        0,
        128
    ],
    "imagePath": "10134.jpg",
    "imageData": "",
    "imageHeight": 480,
    "imageWidth": 640
}