{
    "version": "3.21.1",
    "flags": {},
    "shapes": [
        {
            "label": "student_id",
            "line_color": null,
            "fill_color": null,
            "points": [
                [
                    50.85714285714285,
                    39.285714285714285
                ],
                [
                    54.428571428571416,
                    32.14285714285714
                ],
                [
                    63.71428571428571,
                    24.999999999999996
                ],
                [
                    587.9999999999999,
                    33.57142857142857
                ],
                [
                    597.2857142857142,
                    44.285714285714285
                ],
                [
                    584.4285714285713,
                    361.4285714285714
                ],
                [
                    581.5714285714286,
                    371.4285714285714
                ],
                [
                    572.2857142857142,
                    375.71428571428567
                ],
                [
                    65.85714285714285,
                    362.1428571428571
                ],
                [
                    58.71428571428571,
                    357.1428571428571
                ],
                [
                    54.428571428571416,
                    349.2857142857143
                ]
            ],
            "shape_type": "polygon",
            "flags": {}
        }
    ],
    "lineColor": [
        0,
        255,
        0,
        128
    ],
    "fillColor": [
        255,
        0,
        0,
        128
    ],
    "imagePath": "10132.jpg",
    "imageData": "",
    "imageHeight": 480,
    "imageWidth": 640
}