{
    "version": "3.21.1",
    "flags": {},
    "shapes": [
        {
            "label": "student_id",
            "line_color": null,
            "fill_color": null,
            "points": [
                [
                    101.57142857142856,
                    47.14285714285714
                ],
                [
                    110.85714285714283,
                    39.99999999999999
                ],
                [
                    362.2857142857142,
                    73.57142857142857
                ],
                [
                    253.71428571428567,
                    394.2857142857142
                ],
                [
                    297.2857142857143,
                    394.99999999999994
                ],
                [
                    361.57142857142856,
                    207.85714285714283
                ],
                [
                    400.1428571428571,
                    77.85714285714285
                ],
                [
                    582.9999999999999,
                    102.85714285714285
                ],
                [
                    590.8571428571428,
                    111.42857142857142
                ],
                [
                    585.8571428571428,
                    388.57142857142856
                ],
                [
                    575.1428571428571,
                    397.85714285714283
                ],
                [
                    295.1428571428571,
                    394.99999999999994
                ],
                [
                    83.0,
                    386.4285714285714
                ],
                [
                    72.28571428571428,
                    380.71428571428567
                ]
            ],
            "shape_type": "polygon",
            "flags": {}
        }
    ],
    "lineColor": [
        0,
        255,
        0,
        128
    ],
    "fillColor": [
        255,
        0,
        0,
        128
    ],
    "imagePath": "10133.jpg",
    "imageData": "",
    "imageHeight": 480,
    "imageWidth": 640
}