{
    "version": "3.21.1",
    "flags": {},
    "shapes": [
        {
            "label": "student_id",
            "line_color": null,
            "fill_color": null,
            "points": [
                [
                    81.57142857142856,
                    137.85714285714283
                ],
                [
                    84.42857142857142,
                    129.28571428571428
                ],
                [
                    273.71428571428567,
                    29.999999999999996
                ],
                [
                    284.4285714285714,
                    29.999999999999996
                ],
                [
                    549.4285714285713,
                    277.85714285714283
                ],
                [
                    550.8571428571428,
                    288.57142857142856
                ],
                [
                    362.2857142857142,
                    472.85714285714283
                ],
                [
                    354.4285714285714,
                    472.85714285714283
                ],
                [
                    345.1428571428571,
                    467.1428571428571
                ]
            ],
            "shape_type": "polygon",
            "flags": {}
        },
        {
            "label": "student_id",
            "line_color": null,
            "fill_color": null,
            "points": [
                [
                    324.4285714285714,
                    69.28571428571428
                ],
                [
                    340.1428571428571,
                    0.7142857142857142
                ],
                [
                    525.8571428571428,
                    27.857142857142854
                ],
                [
                    529.4285714285713,
                    177.14285714285714
                ],
                [
                    395.1428571428571,
                    135.0
                ]
            ],
            "shape_type": "polygon",
            "flags": {}
        }
    ],
    "lineColor": [
        0,
        255,
        0,
        128
    ],
    "fillColor": [
        255,
        0,
        0,
        128
    ],
    "imagePath": "10137.jpg",
    "imageData": "",
    "imageHeight": 480,
    "imageWidth": 640
}