{
    "version": "3.21.1",
    "flags": {},
    "shapes": [
        {
            "label": "student_id",
            "line_color": null,
            "fill_color": null,
            "points": [
                [
                    202.28571428571425,
                    12.142857142857142
                ],
                [
                    208.71428571428567,
                    2.8571428571428568
                ],
                [
                    434.4285714285714,
                    70.0
                ],
                [
                    411.57142857142856,
                    392.1428571428571
                ],
                [
                    407.2857142857142,
                    445.71428571428567
                ],
                [
                    402.99999999999994,
                    453.57142857142856
                ],
                [
                    392.2857142857142,
                    454.99999999999994
                ],
                [
                    165.85714285714283,
                    470.71428571428567
                ],
                [
                    155.85714285714283,
                    467.85714285714283
                ],
                [
                    152.28571428571428,
                    459.2857142857142
                ]
            ],
            "shape_type": "polygon",
            "flags": {}
        }
    ],
    "lineColor": [
        0,
        255,
        0,
        128
    ],
    "fillColor": [
        255,
        0,
        0,
        128
    ],
    "imagePath": "10138.jpg",
    "imageData": "",
    "imageHeight": 480,
    "imageWidth": 640
}