{
    "version": "3.21.1",
    "flags": {},
    "shapes": [
        {
            "label": "student_id",
            "line_color": null,
            "fill_color": null,
            "points": [
                [
                    147.28571428571428,
                    97.14285714285714
                ],
                [
                    347.99999999999994,
                    30.71428571428571
                ],
                [
                    357.99999999999994,
                    33.57142857142857
                ],
                [
                    468.71428571428567,
                    337.85714285714283
                ],
                [
                    440.85714285714283,
                    319.99999999999994
                ],
                [
                    422.99999999999994,
                    318.57142857142856
                ],
                [
                    407.2857142857142,
                    323.57142857142856
                ],
                [
                    394.4285714285714,
                    334.2857142857143
                ],
                [
                    385.1428571428571,
                    347.85714285714283
                ],
                [
                    385.1428571428571,
                    359.99999999999994
                ],
                [
                    388.71428571428567,
                    374.99999999999994
                ],
                [
                    392.2857142857142,
                    387.1428571428571
                ],
                [
                    274.4285714285714,
                    429.99999999999994
                ],
                [
                    266.57142857142856,
                    429.99999999999994
                ],
                [
                    175.85714285714283,
                    182.14285714285714
                ],
                [
                    149.42857142857142,
                    109.28571428571428
                ]
            ],
            "shape_type": "polygon",
            "flags": {}
        }
    ],
    "lineColor": [
        0,
        255,
        0,
        128
    ],
    "fillColor": [
        255,
        0,
        0,
        128
    ],
    "imagePath": "10139.jpg",
    "imageData": "",
    "imageHeight": 480,
    "imageWidth": 640
}