{
    "version": "3.21.1",
    "flags": {},
    "shapes": [
        {
            "label": "student_id",
            "line_color": null,
            "fill_color": null,
            "points": [
                [
                    62.28571428571428,
                    44.285714285714285
                ],
                [
                    70.85714285714285,
                    39.99999999999999
                ],
                [
                    571.5714285714286,
                    81.42857142857142
                ],
                [
                    582.9999999999999,
                    90.71428571428571
                ],
                [
                    634.4285714285713,
                    374.99999999999994
                ],
                [
                    634.4285714285713,
                    389.2857142857142
                ],
                [
                    622.9999999999999,
                    394.2857142857142
                ],
                [
                    46.571428571428555,
                    427.1428571428571
                ],
                [
                    35.85714285714285,
                    424.99999999999994
                ],
                [
                    30.857142857142847,
                    414.99999999999994
                ]
            ],
            "shape_type": "polygon",
            "flags": {}
        }
    ],
    "lineColor": [
        0,
        255,
        0,
        128
    ],
    "fillColor": [
        255,
        0,
        0,
        128
    ],
    "imagePath": "10136.jpg",
    "imageData": "",
    "imageHeight": 480,
    "imageWidth": 640
}