{
    "version": "3.21.1",
    "flags": {},
    "shapes": [
        {
            "label": "student_id",
            "line_color": null,
            "fill_color": null,
            "points": [
                [
                    125.85714285714283,
                    288.57142857142856
                ],
                [
                    391.57142857142856,
                    24.285714285714285
                ],
                [
                    459.4285714285714,
                    7.857142857142857
                ],
                [
                    612.2857142857142,
                    166.42857142857142
                ],
                [
                    612.2857142857142,
                    174.28571428571428
                ],
                [
                    334.4285714285714,
                    477.85714285714283
                ],
                [
                    321.57142857142856,
                    478.5714285714285
                ],
                [
                    127.99999999999997,
                    297.1428571428571
                ]
            ],
            "shape_type": "polygon",
            "flags": {}
        }
    ],
    "lineColor": [
        0,
        255,
        0,
        128
    ],
    "fillColor": [
        255,
        0,
        0,
        128
    ],
    "imagePath": "10135.jpg",
    "imageData": "",
    "imageHeight": 480,
    "imageWidth": 640
}