{
    "version": "3.21.1",
    "flags": {},
    "shapes": [
        {
            "label": "student_id",
            "line_color": null,
            "fill_color": null,
            "points": [
                [
                    42.999999999999986,
                    144.28571428571428
                ],
                [
                    50.14285714285714,
                    142.14285714285714
                ],
                [
                    482.2857142857142,
                    181.42857142857142
                ],
                [
                    491.57142857142856,
                    188.57142857142856
                ],
                [
                    493.0,
                    203.57142857142856
                ],
                [
                    488.0,
                    447.1428571428571
                ],
                [
                    479.42857142857133,
                    456.4285714285714
                ],
                [
                    45.14285714285714,
                    452.1428571428571
                ],
                [
                    24.428571428571416,
                    449.2857142857142
                ],
                [
                    13.714285714285708,
                    442.85714285714283
                ]
            ],
            "shape_type": "polygon",
            "flags": {}
        }
    ],
    "lineColor": [
        0,
        255,
        0,
        128
    ],
    "fillColor": [
        255,
        0,
        0,
        128
    ],
    "imagePath": "10142.jpg",
    "imageData": "",
    "imageHeight": 480,
    "imageWidth": 640
}