{
    "version": "3.21.1",
    "flags": {},
    "shapes": [
        {
            "label": "student_id",
            "line_color": null,
            "fill_color": null,
            "points": [
                [
                    47.999999999999986,
                    67.85714285714285
                ],
                [
                    53.71428571428571,
                    51.42857142857142
                ],
                [
                    67.99999999999999,
                    46.42857142857142
                ],
                [
                    601.5714285714286,
                    49.99999999999999
                ],
                [
                    613.7142857142857,
                    55.71428571428571
                ],
                [
                    617.9999999999999,
                    67.85714285714285
                ],
                [
                    620.8571428571428,
                    387.1428571428571
                ],
                [
                    615.1428571428571,
                    394.99999999999994
                ],
                [
                    600.1428571428571,
                    398.57142857142856
                ],
                [
                    72.99999999999999,
                    412.85714285714283
                ],
                [
                    60.14285714285714,
                    408.57142857142856
                ],
                [
                    53.71428571428571,
                    395.71428571428567
                ]
            ],
            "shape_type": "polygon",
            "flags": {}
        }
    ],
    "lineColor": [
        0,
        255,
        0,
        128
    ],
    "fillColor": [
        255,
        0,
        0,
        128
    ],
    "imagePath": "10148.jpg",
    "imageData": "",
    "imageHeight": 480,
    "imageWidth": 640
}