{
    "version": "3.21.1",
    "flags": {},
    "shapes": [
        {
            "label": "student_id",
            "line_color": null,
            "fill_color": null,
            "points": [
                [
                    175.1428571428571,
                    142.14285714285714
                ],
                [
                    176.57142857142856,
                    132.85714285714283
                ],
                [
                    189.42857142857142,
                    128.57142857142856
                ],
                [
                    557.9999999999999,
                    122.85714285714285
                ],
                [
                    567.9999999999999,
                    124.28571428571428
                ],
                [
                    590.8571428571428,
                    362.85714285714283
                ],
                [
                    585.1428571428571,
                    367.85714285714283
                ],
                [
                    190.1428571428571,
                    383.57142857142856
                ],
                [
                    177.99999999999997,
                    374.2857142857143
                ]
            ],
            "shape_type": "polygon",
            "flags": {}
        }
    ],
    "lineColor": [
        0,
        255,
        0,
        128
    ],
    "fillColor": [
        255,
        0,
        0,
        128
    ],
    "imagePath": "10144.jpg",
    "imageData": "",
    "imageHeight": 480,
    "imageWidth": 640
}