{
    "version": "3.21.1",
    "flags": {},
    "shapes": [
        {
            "label": "student_id",
            "line_color": null,
            "fill_color": null,
            "points": [
                [
                    42.999999999999986,
                    87.14285714285714
                ],
                [
                    47.28571428571428,
                    75.71428571428571
                ],
                [
                    55.85714285714285,
                    70.0
                ],
                [
                    579.4285714285713,
                    79.99999999999999
                ],
                [
                    587.9999999999999,
                    85.71428571428571
                ],
                [
                    606.5714285714286,
                    374.99999999999994
                ],
                [
                    600.1428571428571,
                    390.71428571428567
                ],
                [
                    340.85714285714283,
                    420.71428571428567
                ],
                [
                    91.57142857142856,
                    453.57142857142856
                ],
                [
                    75.14285714285712,
                    451.4285714285714
                ],
                [
                    65.85714285714285,
                    442.1428571428571
                ]
            ],
            "shape_type": "polygon",
            "flags": {}
        }
    ],
    "lineColor": [
        0,
        255,
        0,
        128
    ],
    "fillColor": [
        255,
        0,
        0,
        128
    ],
    "imagePath": "10145.jpg",
    "imageData": "",
    "imageHeight": 480,
    "imageWidth": 640
}