{
    "version": "3.21.1",
    "flags": {},
    "shapes": [
        {
            "label": "student_id",
            "line_color": null,
            "fill_color": null,
            "points": [
                [
                    292.99999999999994,
                    26.428571428571427
                ],
                [
                    625.1428571428571,
                    13.57142857142857
                ],
                [
                    630.8571428571428,
                    17.857142857142854
                ],
                [
                    637.2857142857142,
                    227.1428571428571
                ],
                [
                    310.85714285714283,
                    245.7142857142857
                ],
                [
                    302.99999999999994,
                    241.42857142857142
                ],
                [
                    290.85714285714283,
                    34.285714285714285
                ]
            ],
            "shape_type": "polygon",
            "flags": {}
        },
        {
            "label": "student_id",
            "line_color": null,
            "fill_color": null,
            "points": [
                [
                    153.7142857142857,
                    245.7142857142857
                ],
                [
                    157.99999999999997,
                    239.99999999999997
                ],
                [
                    183.7142857142857,
                    242.1428571428571
                ],
                [
                    245.85714285714283,
                    385.71428571428567
                ],
                [
                    253.71428571428567,
                    387.85714285714283
                ],
                [
                    433.71428571428567,
                    301.4285714285714
                ],
                [
                    432.99999999999994,
                    297.85714285714283
                ],
                [
                    420.1428571428571,
                    270.0
                ],
                [
                    430.1428571428571,
                    269.2857142857143
                ],
                [
                    467.2857142857142,
                    351.4285714285714
                ],
                [
                    457.2857142857142,
                    463.57142857142856
                ],
                [
                    448.71428571428567,
                    468.57142857142856
                ],
                [
                    157.28571428571428,
                    446.4285714285714
                ],
                [
                    144.42857142857142,
                    444.99999999999994
                ],
                [
                    135.85714285714283,
                    437.1428571428571
                ]
            ],
            "shape_type": "polygon",
            "flags": {}
        },
        {
            "label": "student_id",
            "line_color": null,
            "fill_color": null,
            "points": [
                [
                    107.28571428571428,
                    90.71428571428571
                ],
                [
                    109.42857142857142,
                    84.28571428571428
                ],
                [
                    289.4285714285714,
                    2.142857142857143
                ],
                [
                    301.57142857142856,
                    3.571428571428571
                ],
                [
                    307.99999999999994,
                    17.857142857142854
                ],
                [
                    291.57142857142856,
                    24.285714285714285
                ],
                [
                    304.4285714285714,
                    245.7142857142857
                ],
                [
                    310.85714285714283,
                    247.85714285714283
                ],
                [
                    408.71428571428567,
                    240.7142857142857
                ],
                [
                    433.71428571428567,
                    299.2857142857143
                ],
                [
                    247.99999999999994,
                    384.2857142857142
                ]
            ],
            "shape_type": "polygon",
            "flags": {}
        }
    ],
    "lineColor": [
        0,
        255,
        0,
        128
    ],
    "fillColor": [
        255,
        0,
        0,
        128
    ],
    "imagePath": "10147.jpg",
    "imageData": "",
    "imageHeight": 480,
    "imageWidth": 640
}