{
    "version": "3.21.1",
    "flags": {},
    "shapes": [
        {
            "label": "student_id",
            "line_color": null,
            "fill_color": null,
            "points": [
                [
                    19.428571428571416,
                    84.99999999999999
                ],
                [
                    20.857142857142847,
                    74.28571428571428
                ],
                [
                    31.57142857142857,
                    67.14285714285714
                ],
                [
                    587.9999999999999,
                    68.57142857142857
                ],
                [
                    599.4285714285713,
                    77.14285714285714
                ],
                [
                    604.4285714285713,
                    424.2857142857142
                ],
                [
                    588.7142857142857,
                    427.1428571428571
                ],
                [
                    46.571428571428555,
                    446.4285714285714
                ],
                [
                    33.71428571428571,
                    443.57142857142856
                ],
                [
                    26.57142857142857,
                    432.1428571428571
                ]
            ],
            "shape_type": "polygon",
            "flags": {}
        }
    ],
    "lineColor": [
        0,
        255,
        0,
        128
    ],
    "fillColor": [
        255,
        0,
        0,
        128
    ],
    "imagePath": "10141.jpg",
    "imageData": "",
    "imageHeight": 480,
    "imageWidth": 640
}