{
    "version": "3.21.1",
    "flags": {},
    "shapes": [
        {
            "label": "student_id",
            "line_color": null,
            "fill_color": null,
            "points": [
                [
                    16.57142857142857,
                    75.71428571428571
                ],
                [
                    19.428571428571416,
                    66.42857142857142
                ],
                [
                    33.71428571428571,
                    60.71428571428571
                ],
                [
                    596.5714285714286,
                    62.14285714285714
                ],
                [
                    610.8571428571428,
                    71.42857142857142
                ],
                [
                    608.7142857142857,
                    420.71428571428567
                ],
                [
                    42.999999999999986,
                    439.99999999999994
                ],
                [
                    33.71428571428571,
                    437.85714285714283
                ],
                [
                    27.285714285714278,
                    428.57142857142856
                ]
            ],
            "shape_type": "polygon",
            "flags": {}
        }
    ],
    "lineColor": [
        0,
        255,
        0,
        128
    ],
    "fillColor": [
        255,
        0,
        0,
        128
    ],
    "imagePath": "10146.jpg",
    "imageData": "",
    "imageHeight": 480,
    "imageWidth": 640
}