{
    "version": "3.21.1",
    "flags": {},
    "shapes": [
        {
            "label": "student_id",
            "line_color": null,
            "fill_color": null,
            "points": [
                [
                    187.28571428571425,
                    208.57142857142856
                ],
                [
                    192.99999999999997,
                    202.1428571428571
                ],
                [
                    557.2857142857142,
                    192.1428571428571
                ],
                [
                    567.2857142857142,
                    199.99999999999997
                ],
                [
                    578.7142857142857,
                    421.4285714285714
                ],
                [
                    572.2857142857142,
                    427.1428571428571
                ],
                [
                    207.28571428571428,
                    455.71428571428567
                ],
                [
                    197.28571428571425,
                    454.2857142857142
                ],
                [
                    193.7142857142857,
                    448.57142857142856
                ],
                [
                    187.99999999999997,
                    224.28571428571428
                ]
            ],
            "shape_type": "polygon",
            "flags": {}
        }
    ],
    "lineColor": [
        0,
        255,
        0,
        128
    ],
    "fillColor": [
        255,
        0,
        0,
        128
    ],
    "imagePath": "10140.jpg",
    "imageData": "",
    "imageHeight": 480,
    "imageWidth": 640
}