{
    "version": "3.21.1",
    "flags": {},
    "shapes": [
        {
            "label": "student_id",
            "line_color": null,
            "fill_color": null,
            "points": [
                [
                    78.7142857142857,
                    117.85714285714285
                ],
                [
                    83.7142857142857,
                    112.14285714285714
                ],
                [
                    547.2857142857142,
                    107.14285714285714
                ],
                [
                    553.7142857142857,
                    113.57142857142856
                ],
                [
                    553.7142857142857,
                    113.57142857142856
                ],
                [
                    556.5714285714286,
                    404.2857142857142
                ],
                [
                    540.8571428571428,
                    407.85714285714283
                ],
                [
                    97.28571428571428,
                    404.2857142857142
                ],
                [
                    86.57142857142856,
                    397.85714285714283
                ]
            ],
            "shape_type": "polygon",
            "flags": {}
        }
    ],
    "lineColor": [
        0,
        255,
        0,
        128
    ],
    "fillColor": [
        255,
        0,
        0,
        128
    ],
    "imagePath": "10149.jpg",
    "imageData": "",
    "imageHeight": 480,
    "imageWidth": 640
}