{
    "version": "3.21.1",
    "flags": {},
    "shapes": [
        {
            "label": "student_id",
            "line_color": null,
            "fill_color": null,
            "points": [
                [
                    85.14285714285714,
                    164.28571428571428
                ],
                [
                    90.14285714285714,
                    158.57142857142856
                ],
                [
                    101.57142857142856,
                    156.42857142857142
                ],
                [
                    495.1428571428571,
                    184.99999999999997
                ],
                [
                    503.0,
                    189.99999999999997
                ],
                [
                    540.8571428571428,
                    442.1428571428571
                ],
                [
                    538.7142857142857,
                    451.4285714285714
                ],
                [
                    528.7142857142857,
                    454.2857142857142
                ],
                [
                    62.999999999999986,
                    449.2857142857142
                ],
                [
                    45.85714285714285,
                    447.1428571428571
                ],
                [
                    35.85714285714285,
                    441.4285714285714
                ],
                [
                    32.28571428571428,
                    436.4285714285714
                ]
            ],
            "shape_type": "polygon",
            "flags": {}
        },
        {
            "label": "student_id",
            "line_color": null,
            "fill_color": null,
            "points": [
                [
                    418.71428571428567,
                    24.999999999999996
                ],
                [
                    538.0,
                    0.0
                ],
                [
                    585.8571428571428,
                    0.0
                ],
                [
                    637.2857142857142,
                    70.0
                ],
                [
                    638.7142857142857,
                    334.2857142857143
                ],
                [
                    612.2857142857142,
                    344.2857142857143
                ],
                [
                    606.5714285714286,
                    339.2857142857143
                ]
            ],
            "shape_type": "polygon",
            "flags": {}
        }
    ],
    "lineColor": [
        0,
        255,
        0,
        128
    ],
    "fillColor": [
        255,
        0,
        0,
        128
    ],
    "imagePath": "10143.jpg",
    "imageData": "",
    "imageHeight": 480,
    "imageWidth": 640
}