{
    "version": "3.21.1",
    "flags": {},
    "shapes": [
        {
            "label": "student_id",
            "line_color": null,
            "fill_color": null,
            "points": [
                [
                    15.857142857142847,
                    49.99999999999999
                ],
                [
                    21.57142857142857,
                    35.71428571428571
                ],
                [
                    37.999999999999986,
                    35.0
                ],
                [
                    592.9999999999999,
                    36.42857142857142
                ],
                [
                    605.1428571428571,
                    41.42857142857142
                ],
                [
                    607.9999999999999,
                    54.99999999999999
                ],
                [
                    604.4285714285713,
                    385.71428571428567
                ],
                [
                    599.4285714285713,
                    396.4285714285714
                ],
                [
                    60.85714285714285,
                    407.1428571428571
                ],
                [
                    47.28571428571428,
                    407.85714285714283
                ],
                [
                    35.85714285714285,
                    404.2857142857142
                ],
                [
                    30.14285714285714,
                    394.2857142857142
                ]
            ],
            "shape_type": "polygon",
            "flags": {}
        }
    ],
    "lineColor": [
        0,
        255,
        0,
        128
    ],
    "fillColor": [
        255,
        0,
        0,
        128
    ],
    "imagePath": "10150.jpg",
    "imageData": "",
    "imageHeight": 480,
    "imageWidth": 640
}